품목명,현재재고,매입단가,재고평가액,매입업체,기초재고,기준일자,안전재고,단위
Z세라믹 절단석 @ 5인치,25489,6453.0,164480517.0,(주)수보,34939,2026-09-04,100,개
Z세라믹 절단석 @ 4인치,28000,13323.0,373044000.0,(주)수보,29300,2026-09-04,100,개
TURBO Premium 절단석 @ 5인치,-1480,314.0,-464720.0,유명철물종합상사,24220,2026-09-04,100,개
터보 프리미엄절단석 @5인치,19200,316.0,6067200.0,(주)수보,23950,2026-09-04,100,개
터보Primium소프트절단석@5인치,49200,351.0,17269200.0,(주)수보,23850,2026-09-04,100,개
터보 Premium 절단석 @ 5인치,21800,360.0,7848000.0,삼환,22600,2026-09-04,100,개
"아카시 절단석 프리미엄 @ 5""*16MM",22803,650.0,14821950.0,대광교역,18803,2026-09-04,100,개
OPP무지,16000,7.0,112000.0,혜림화학,16000,2026-09-04,100,개
"아카시 절단석 프리미엄 @ 4""*16MM",8100,1000.0,8100000.0,박재환,15800,2026-09-04,100,개
TURBO Premium 절단석 @ 4인치,2970,348.0,1033560.0,(주)수보,14970,2026-09-04,100,개
"벨로체절단석 @ 5""",12425,294.0,3652950.0,삼환,12825,2026-09-04,100,개
터보 Premium 절단석 @ 4인치,8850,290.0,2566500.0,삼환,9350,2026-09-04,100,개
3MRO 덴탈 블랙마스크,8700,65.0,565500.0,지케이에스,8700,2026-09-04,100,개
"다이센 소프트타입 @ 4""",5150,350.0,1802500.0,유영찬,5850,2026-09-04,100,개
에이스 KF94마스크,0,95.0,0.0,지케이에스,5000,2026-09-04,100,개
"알파연마디스크샌더빼빠@5""-8H#220",1200,100.0,120000.0,알파연마테크,3600,2026-09-04,100,개
"알파연마디스크샌더빼빠@5""-8H#80",0,130.0,0.0,알파연마테크,3600,2026-09-04,100,개
"알파연마디스크샌더빼빠@5""-8H#180",0,100.0,0.0,알파연마테크,3600,2026-09-04,100,개
"악티록스 디스크 AF799 #60 4""*16MM",3000,1700.0,5100000.0,알파연마테크,3000,2026-09-04,100,개
벨로체 연마석 @ 4인치*6t,255,360.0,91800.0,(주)수보,2855,2026-09-04,100,개
"3M 절단석 65147(큐) @ 4""*1.0t*16mm",1900,2400.0,4560000.0,효인,1900,2026-09-04,100,개
"악티록스 백업패드 @ 4""",1893,620.0,1173660.0,(주)수보,1896,2026-09-04,100,개
"TU-FLEX 옵셋 #80 @ 4""*2T*16MM",1839,650.0,1195350.0,대영 종합상사,1839,2026-09-04,100,개
다존 블랙 KF94 마스크,1650,118.0,194700.0,지케이에스,1650,2026-09-04,100,개
위머스트 KF94마스크,1400,95.0,133000.0,지케이에스,1400,2026-09-04,100,개
스포르팅 절단석 @ 5인치 * 16MM,100,500.0,50000.0,강일GTC,1300,2026-09-04,100,개
"티롤릿 옵셋 #80 @ 4""*2.7T",1291,620.0,800420.0,리오더웨어하우스주식회사,1291,2026-09-04,100,개
"알파연마디스크샌더빼빠 @ 4""-#60",0,90.0,0.0,알파연마테크,1200,2026-09-04,100,개
"레즈본 R&B절단석 @ 5""",0,500.0,0.0,한국레즈본,1200,2026-09-04,100,개
"알파연마디스크샌더빼빠@5""-8H#120",0,100.0,0.0,알파연마테크,1200,2026-09-04,100,개
"레즈본 절단석 R&B 블랙 @ 5""",0,500.0,0.0,한국레즈본,1200,2026-09-04,100,개
"렉스톨킹 절단석 @ 4""*16MM",1170,550.0,643500.0,박재환,1170,2026-09-04,100,개
"3M 절단석 47420(큐3) @ 5""*1.0t*15.88mm",2,3450.0,6900.0,효인,1150,2026-09-04,100,개
노튼 블루파이어절단석 @ 4인치*1.2T*16,1075,480.0,516000.0,,1075,2026-09-04,100,개
"뉴 레즈본2 절단석 @ 5""",1400,500.0,700000.0,한국레즈본,1070,2026-09-04,100,개
"티롤릿 옵셋 #60 @ 4""*2.7T",1064,620.0,659680.0,리오더웨어하우스주식회사,1064,2026-09-04,100,개
"TU-FLEX 옵셋 #36 @ 4""*3T*16MM",1009,650.0,655850.0,TU글로벌,1009,2026-09-04,100,개
"노튼 블루파이어 절단석 @ 4""*1.2t",1000,0.0,0.0,,1000,2026-09-04,100,개
"홈툴즈 절단석 @ 4""",500,240.0,120000.0,홈툴즈,1000,2026-09-04,100,개
휘 KF94 황사방역마스크,1000,,,지케이에스,1000,2026-09-04,100,개
"페어드절단석(SG-E)@ 4"" *0.8T",1000,0.0,0.0,드림툴텍,1000,2026-09-04,100,개
"M3 2 절단석 @ 4""",870,400.0,348000.0,성진툴코리아,990,2026-09-04,100,개
"악티록스 백업패드 @ 5""",979,880.0,861520.0,(주)수보,979,2026-09-04,100,개
Jway KF94마스크,850,91.0,77350.0,지케이에스,850,2026-09-04,100,개
"M3 2 절단석 @ 5""",900,800.0,720000.0,성진툴코리아,830,2026-09-04,100,개
"클링스포 절단석 @ 4""",792,1500.0,1188000.0,석문종합철물공구안전,817,2026-09-04,100,개
"제일 연마석 흑돌 @ 4""*3T",0,410.0,0.0,제일연마영업소,800,2026-09-04,100,개
"TU-FLEX 옵셋 #60 @ 4""*3T*16MM",800,,,TU글로벌,800,2026-09-04,100,개
"페가텍 절단석 @ 4""",800,0.0,0.0,유영찬,800,2026-09-04,100,개
퓨어라이프 새부리블랙 KF94,0,230.0,0.0,지케이에스,800,2026-09-04,100,개
3M 귀마개 1100,800,140.0,112000.0,ITS,800,2026-09-04,100,개
"뉴 레즈본2 절단석 @ 4""",200,400.0,80000.0,한국레즈본,750,2026-09-04,100,개
SAM 14인치 절단석 @ 355*3.0*25.4,2025,1800.0,3645000.0,삼양연마공업(주),685,2026-09-04,100,개
제이투메카 KF94마스크,650,0.0,0.0,지케이에스,650,2026-09-04,100,개
애니가드 마스크(2급)*VC202V 밸브유,600,480.0,288000.0,제일연마영업소,600,2026-09-04,100,개
"본드플렉스 절단석 @ 5""",600,330.0,198000.0,서전MJ,600,2026-09-04,100,개
볼케이노 절단석@소프트타입 5인치,0,600.0,0.0,CM최민상사,600,2026-09-04,100,개
"3M 절단석 01994(new) @ 4""",100,2100.0,210000.0,(주)한국기업,600,2026-09-04,100,개
"티롤릿 절단석 레드 @ 4""",600,750.0,450000.0,티롤릿코리아,600,2026-09-04,100,개
오아시스절단석 @ 4인치,600,305.0,183000.0,비원,600,2026-09-04,100,개
"레즈본 절단석 R&B 블랙 @ 4""",0,420.0,0.0,한국레즈본,600,2026-09-04,100,개
"피닉스 절단석 @ 4""",0,500.0,0.0,(주)컷팅코리아,600,2026-09-04,100,개
"대광연마 @ 5""",0,550.0,0.0,유영찬,600,2026-09-04,100,개
디펜코 블랙 덴탈마스크,600,70.0,42000.0,지케이에스,600,2026-09-04,100,개
"악티록스 디스크 AF799 #60 4""*16MM50장곽",600,1150.0,690000.0,알파연마테크,600,2026-09-04,100,개
"레즈본 절단석 @ 4""",0,400.0,0.0,한국레즈본,600,2026-09-04,100,개
오아시스절단석 @ 5인치,0,380.0,0.0,비원,600,2026-09-04,100,개
"절단석 L MFC @ 4""*16MM",600,0.0,0.0,,600,2026-09-04,100,개
"3D 절단석 @ 4""*16MM",600,450.0,270000.0,문현동,600,2026-09-04,100,개
"페어드 절단석 @ 4""*0.8t",561,700.0,392700.0,(주)기흥툴링,561,2026-09-04,100,개
"베스트 절단석 @ 4""",550,250.0,137500.0,한신그레이스,550,2026-09-04,100,개
"티롤릿 절단석 (new)블루 @ 4""",-100,760.0,-76000.0,티롤릿코리아,550,2026-09-04,100,개
장갑 렉스톨 @ M,550,0.0,0.0,,550,2026-09-04,100,개
3M 컬러그립 그린 M,500,1470.0,735000.0,한신그레이스,500,2026-09-04,100,개
뉴엠 KF94마스크,500,90.0,45000.0,지케이에스,500,2026-09-04,100,개
3M 컬러그립 그린 @ L,500,1470.0,735000.0,한신그레이스,500,2026-09-04,100,개
"악티록스디스크(만조+패드)@4""*#36",134,17000.0,2278000.0,삼환,498,2026-09-04,100,개
3M 장갑 칼라그립 오렌지M,480,0.0,0.0,,480,2026-09-04,100,개
"TU 절단석 S 105501 @ 5""*16MM",450,1700.0,765000.0,TU글로벌,450,2026-09-04,100,개
퓨에어 KF94마스크,450,150.0,67500.0,지케이에스,450,2026-09-04,100,개
GMG 장갑 에어그립 KR-L2001A @ L,400,1562.0,624800.0,박재환,450,2026-09-04,100,개
GMG 장갑 에어그립 KR-L2001A @ M,389,1562.0,607618.0,박재환,429,2026-09-04,100,개
3M 장갑 칼라그립 오렌지L,420,0.0,0.0,,420,2026-09-04,100,개
장갑 렉스톨 @ L,412,0.0,0.0,,412,2026-09-04,100,개
"베스트 절단석 @ 5""",400,450.0,180000.0,한신그레이스,400,2026-09-04,100,개
"자르고 절단석 @ 4""*16MM",400,360.0,144000.0,대신산업,400,2026-09-04,100,개
"제일 절단석 WA @ 4""*1.8T",400,0.0,0.0,제일연마영업소,400,2026-09-04,100,개
"제일 연마석 WA O/S @ 4""*6T",800,560.0,448000.0,제일연마영업소,400,2026-09-04,100,개
"에이스 절단석 @ 16""",0,3200.0,0.0,(주)우리종합금속,400,2026-09-04,100,개
"3D골드 절단석 @ 5""*16MM",400,500.0,200000.0,대광교역,400,2026-09-04,100,개
"MD 절단석 @ 4""*16MM",400,500.0,200000.0,유재환,400,2026-09-04,100,개
"TU-PLUS 102501 @ 5""*16MM",400,1100.0,440000.0,TU글로벌,400,2026-09-04,100,개
"페어드 절단석 @ 4""",1000,600.0,600000.0,삼환,397,2026-09-04,100,개
"악티록스디스크(만조+패드)@4""*#60",245,13400.0,3283000.0,삼환,396,2026-09-04,100,개
"자르고 절단석 @ 7""",-10,900.0,-9000.0,강일GTC,390,2026-09-04,100,개
애니가드마스크@KF-AD(비말차단마스크),380,20.0,7600.0,제일연마영업소,380,2026-09-04,100,개
"제일 절단석 PS-GOLD@4""*1.2mm*15.8mm",350,0.0,0.0,,350,2026-09-04,100,개
3M 장갑 컴포트그립 슈퍼폼 @ L,300,1680.0,504000.0,한신그레이스,300,2026-09-04,100,개
"다이센 절단석 하드타입 @ 4""",280,350.0,98000.0,대영 종합상사,280,2026-09-04,100,개
"티롤릿 절단석 @ 7""",127,1600.0,203200.0,리오더웨어하우스주식회사,252,2026-09-04,100,개
"제일 절단석 흑돌 @ 14""",400,2000.0,800000.0,제일연마영업소,250,2026-09-04,100,개
"스틸포스 절단석 @ 5""",250,400.0,100000.0,툴홀릭,250,2026-09-04,100,개
"페어드 옵셑 4""*3T#36(250장)",250,700.0,175000.0,,250,2026-09-04,100,개
"티롤릿 절단석 레드 @ 5""",250,960.0,240000.0,티롤릿코리아,250,2026-09-04,100,개
"티롤릿 절단석 블루 @ 5""",700,960.0,672000.0,티롤릿코리아,250,2026-09-04,100,개
"베스트 절단석 @ 14""",1495,2000.0,2990000.0,한신그레이스,245,2026-09-04,100,개
"티롤릿 옵셋 #36 @ 4""*2.7T",242,620.0,150040.0,리오더웨어하우스주식회사,242,2026-09-04,100,개
3M 마스크 방진1급 @ 8922,240,1450.0,348000.0,ITS,240,2026-09-04,100,개
3M 마스크 방진2급 @ 8710L,0,470.0,0.0,ITS,240,2026-09-04,100,개
마술만조 KB412(계량/보쉬/3M/스틸포스),235,5000.0,1175000.0,주식회사 자산,235,2026-09-04,100,개
"자르고 절단석 @ 5""*16MM",200,450.0,90000.0,강일GTC,200,2026-09-04,100,개
"노존플러스절단석 @ 5""",200,1900.0,380000.0,생고뱅코리아 주식회사,200,2026-09-04,100,개
3M 전기테이프 #1711,0,430.0,0.0,효인,200,2026-09-04,100,개
"TU-FLEX 옵셋 #24 @ 4""*6T*16MM",100,800.0,80000.0,TU글로벌,200,2026-09-04,100,개
"제일 연마석 흑돌 @ 4""*6T",400,420.0,168000.0,제일연마영업소,200,2026-09-04,100,개
"M3 절단석 @ 7""",0,700.0,0.0,성진툴코리아,200,2026-09-04,100,개
"체스코 절단석 @ 4""",0,990.0,0.0,강원툴,200,2026-09-04,100,개
3M 귀마개 1110,200,320.0,64000.0,ITS,200,2026-09-04,100,개
페어드 연마석 @ 4인치*6T,200,400.0,80000.0,(주)기흥툴링,200,2026-09-04,100,개
"스틸포스 다이아 멀티날 @ 4""(TH-DW105)",200,5500.0,1100000.0,툴홀릭,200,2026-09-04,100,개
3M 장갑 컴포트그립 @ L,200,1500.0,300000.0,효인,200,2026-09-04,100,개
"레즈본 연마석 #80 @ 4""*3T",200,600.0,120000.0,한국레즈본,200,2026-09-04,100,개
래피젠 코로나 자가진단키트,200,4300.0,860000.0,지케이에스,200,2026-09-04,100,개
유한킴벌리 마스크 1급 @ M20,200,825.0,165000.0,재현상사,200,2026-09-04,100,개
숨쉬GO KF94 마스크 @ 대,0,740.0,0.0,재현상사,200,2026-09-04,100,개
"3M 절단석 65139(큐) @ 5""",200,3100.0,620000.0,효인,200,2026-09-04,100,개
"티롤릿 마른날 콘크리트용 @4""",133,3900.0,518700.0,티롤릿코리아,193,2026-09-04,100,개
"3M 푸른돌 #60 @ 4""*2T",360,1600.0,576000.0,효인,180,2026-09-04,100,개
GMG 장갑 웜그립L2005W @ L,74,2750.0,203500.0,주식회사 자산,179,2026-09-04,100,개
유한킴벌리 마스크 2급 @ M10(접이식),161,0.0,0.0,재현상사,161,2026-09-04,100,개
GMG 장갑 엔지니어그립 N2002 @ S,160,2291.0,366560.0,주식회사 자산,160,2026-09-04,100,개
"페어드 옵셑 4""*6T(160장)",-40,600.0,-24000.0,,160,2026-09-04,100,개
"티롤릿 터보날 타일용 @ 5""",71,5800.0,411800.0,티롤릿코리아,151,2026-09-04,100,개
"3M 푸른돌 #24 @ 4""*6T",150,1600.0,240000.0,효인,150,2026-09-04,100,개
"3M 절단석 04116 @ 4""",50,950.0,47500.0,효인,150,2026-09-04,100,개
"티롤릿 절단석 실버 @ 5""",50,1700.0,85000.0,티롤릿코리아,150,2026-09-04,100,개
3M 장갑 수퍼그립200 @ L,146,1550.0,226300.0,한신그레이스,146,2026-09-04,100,개
"TU-FLEX 옵셋 #60 @ 4""*2T*16MM",-757,650.0,-492050.0,TU글로벌,143,2026-09-04,100,개
"티롤릿 플랩휠디스크 #40 @ 4""",100,0.0,0.0,티롤릿코리아,140,2026-09-04,100,개
"티롤릿 플랩휠디스크 #120 @ 4""",100,0.0,0.0,티롤릿코리아,140,2026-09-04,100,개
"티롤릿 플랩휠디스크 #80 @ 4""",100,0.0,0.0,티롤릿코리아,140,2026-09-04,100,개
"티롤릿 플랩휠디스크 #60 @ 4""",100,0.0,0.0,티롤릿코리아,140,2026-09-04,100,개
"아카시 절단석 칸 @ 4""*16MM",230,450.0,103500.0,대광교역,130,2026-09-04,100,개
GMG 장갑 엔지니어그립 N2002 @ L,130,2291.0,297830.0,박재환,130,2026-09-04,100,개
GMG 장갑 엔지니어그립 N2002 @ M,130,2291.0,297830.0,박재환,130,2026-09-04,100,개
GMG 장갑 컴포트그립 L2002 @ S,130,1666.0,216580.0,주식회사 자산,130,2026-09-04,100,개
GMG 장갑 에어그립 KR-L2001A @ S,118,,,주식회사 자산,128,2026-09-04,100,개
GMG 장갑 컴포트그립 L2002 @ M,127,1666.0,211582.0,주식회사 자산,127,2026-09-04,100,개
[업체등록,121,0.0,0.0,,121,2025-12-20,100,개
[산업용품,121,0.0,0.0,,121,2025-12-20,100,개
"3M 황금돌 #80 @ 4""*2.5T",0,1450.0,0.0,한신그레이스,120,2026-09-04,100,개
"티롤릿 터보날 타일용 @ 4""",20,3800.0,76000.0,티롤릿코리아,120,2026-09-04,100,개
3M 정화통 6001K,0,5800.0,0.0,ITS,120,2026-09-04,100,개
[절단석외,120,0.0,0.0,,120,2025-12-20,100,개
"3M DISC-PAD CUP @ 4""",120,800.0,96000.0,효인,120,2026-09-04,100,개
[등록,119,0.0,0.0,,119,2025-12-20,100,개
[택배비,119,5000.0,595000.0,한국레즈본,119,2025-12-20,100,개
[택배비-에스건재철물,119,0.0,0.0,,119,2025-12-20,100,개
[조정,119,0.0,0.0,,119,2025-12-20,100,개
[절단석,119,0.0,0.0,,119,2025-12-20,100,개
[택배발송 원내철물->진하정공,119,0.0,0.0,,119,2025-12-20,100,개
[택배비-도개건재,118,0.0,0.0,,118,2025-12-20,100,개
"TU-FLEX 옵셋 #24 @ 7""*6T*22MM",112,1900.0,212800.0,TU글로벌,112,2026-09-04,100,개
"티롤릿 마른날 콘크리트용 @5""",81,9300.0,753300.0,티롤릿코리아,111,2026-09-04,100,개
노튼 익스퍼트 플랩디스크 @ #80,110,450.0,49500.0,생고뱅코리아 주식회사,110,2026-09-04,100,개
3M 마스크 방진2급 @ 9914K,10,1950.0,19500.0,ITS,110,2026-09-04,100,개
"3M 절단석 프리미엄 @ 14""",176,5300.0,932800.0,효인,101,2026-09-04,100,개
"카이마 파워휠페파 @ 4""#40 4""*16",100,500.0,50000.0,제일특수연마,100,2026-09-04,100,개
"티롤릿 절단석 실버 @ 4""",100,1400.0,140000.0,티롤릿코리아,100,2026-09-04,100,개
"3M 절단석 72653 @ 4""",100,440.0,44000.0,효인,100,2026-09-04,100,개
마스크 50EA/국산 @ 엑스텐데이즈,0,0.0,0.0,재현상사,100,2026-09-04,100,개
"3M DISC 982C #36 @ 4""",100,0.0,0.0,,100,2026-09-04,100,개
3M 방독면필름 6885-100,0,500.0,0.0,ITS,100,2026-09-04,100,개
"보쉬 절단석 x-lock @ 5""*1.0t",0,1001.0,0.0,(주)한국기업,100,2026-09-04,100,개
"레즈본2 절단석 @ 4""",100,450.0,45000.0,박재환,100,2026-09-04,100,개
"카이마 파워휠페파 @ 4""#120 4""*16",100,500.0,50000.0,제일특수연마,100,2026-09-04,100,개
도담16호,100,15000.0,1500000.0,태평양희현유통,100,2026-09-04,100,개
"페어드CC-GRIND-ROBUST@ 5""",0,5300.0,0.0,(주)기흥툴링,100,2026-09-04,100,개
"페어드 절단석 @ 5""(내경22mm)",0,1500.0,0.0,(주)기흥툴링,100,2026-09-04,100,개
사랑12호,100,11500.0,1150000.0,태평양희현유통,100,2026-09-04,100,개
"스틸포스 다이아 멀티날 @ 5""(TH-DW125)",100,9000.0,900000.0,툴홀릭,100,2026-09-04,100,개
"3M 옵셋 #36(더블사이드 3T) @ 4""",100,0.0,0.0,,100,2026-09-04,100,개
3M 테이프-OPP(372KS/TRANS)@ 48*40M투명,100,0.0,0.0,효인,100,2026-09-04,100,개
노튼 블루파이어 플랩디스크 @ #40,100,780.0,78000.0,,100,2026-09-04,100,개
"레지본절단석 @ 205(8"")*2.0T*22",0,1618.0,0.0,(주)동신툴피아,100,2026-09-04,100,개
유한킴벌리 마스크 2급 @ M10,100,451.0,45100.0,박재환,100,2026-09-04,100,개
"에이스 절단석 @ 4""",0,470.0,0.0,(주)우리종합금속,100,2026-09-04,100,개
"에이스 절단석 @ 5""",0,770.0,0.0,(주)우리종합금속,100,2026-09-04,100,개
GMG 장갑 소프트그립L2001 @ S,100,1458.0,145800.0,주식회사 자산,100,2026-09-04,100,개
GMG 장갑 CUT-5절단방지 T2000 @ M,92,3541.0,325772.0,주식회사 자산,92,2026-09-04,100,개
GMG 장갑 CUT-5절단방지 T2000 @ L,90,2300.0,207000.0,주식회사 자산,90,2026-09-04,100,개
"TU 플랩 DISC #40 @ 4""*16MM",90,1100.0,99000.0,TU글로벌,90,2026-09-04,100,개
"렉스톨킹 절단석 @ 5""*16MM",90,650.0,58500.0,대광교역,90,2026-09-04,100,개
스틸포스 플라즈마커텅기용 전극,90,0.0,0.0,툴홀릭,90,2026-09-04,100,개
"DNK 플랩(C/Z) #60 @ 4""",0,750.0,0.0,효인,90,2026-09-04,100,개
용접봉 골든브릿지 @ 4.0∮,80,0.0,0.0,에이엠티인터내셔널,80,2026-09-04,100,개
"카이마 파워휠페파 @ 4""#80 4""*16",80,500.0,40000.0,제일특수연마,80,2026-09-04,100,개
케라퍼퓸 셀렉션33호,80,17000.0,1360000.0,태평양희현유통,80,2026-09-04,100,개
스틸포스 플라즈마커팅기용 노즐팁,80,1450.0,116000.0,툴홀릭,80,2026-09-04,100,개
노튼 블루파이어(생고뱅) @ 14인치,78,1591.0,124098.0,박재환,78,2026-09-04,100,개
"악티록스디스크(만조+패드)@5""*#36",29,1850.0,53650.0,알파연마테크,74,2026-09-04,100,개
3M 장갑 컴포트-WT 오리지날1 @ M,70,2150.0,150500.0,한신그레이스,70,2026-09-04,100,개
"3M 그라인더 커버 ES @ 5""",70,0.0,0.0,효인,70,2026-09-04,100,개
TOOL-전동(4CG-2),70,26000.0,1820000.0,효인,70,2026-09-04,100,개
"티롤릿 멀티날 @ 4""",20,5500.0,110000.0,티롤릿코리아,60,2026-09-04,100,개
"3M 푸른돌 #80 @ 4""*2T",20,1580.0,31600.0,효인,60,2026-09-04,100,개
마술만조 MD414(마키다/디월트),0,5000.0,0.0,주식회사 자산,60,2026-09-04,100,개
3M 마스크 방진2급 @ 8710G,0,580.0,0.0,ITS,60,2026-09-04,100,개
SOLO 헤드랜턴 센서 @ SL-120S,60,4300.0,258000.0,박재환,60,2026-09-04,100,개
"다잘라컷팅날 @ 5""",40,8500.0,340000.0,블랙불코리아,60,2026-09-04,100,개
사랑존경 28호,60,21000.0,1260000.0,태평양희현유통,60,2026-09-04,100,개
GMG 장갑 워터타이트(완전방수)L2005 @ M,60,1770.0,106200.0,주식회사 자산,60,2026-09-04,100,개
"3M DISC 베벨 BR #180 @ 4""",55,3750.0,206250.0,효인,55,2026-09-04,100,개
희망가득 21호,54,16000.0,864000.0,태평양희현유통,54,2026-09-04,100,개
"앙코르 절단석 @ 5""",50,,,,50,2026-09-04,100,개
"3M 옵셋 (리지드 8T) @ 4""",50,0.0,0.0,,50,2026-09-04,100,개
황사마스크KF94 /아이엔티,50,0.0,0.0,재현상사,50,2026-09-04,100,개
용접봉 골든브릿지 플럭스 @ 1.2mm,50,1500.0,75000.0,신흥,50,2026-09-04,100,개
"3M DISC CNS XT(PRO) @ 4""",-50,3300.0,-165000.0,효인,50,2026-09-04,100,개
"레즈본 절단석 @ 14""",50,2080.0,104000.0,한국레즈본,50,2026-09-04,100,개
"다이센 절단석 하드타입 @ 5""",50,450.0,22500.0,한국레즈본(다이센),50,2026-09-04,100,개
"3M 절단석 47041(큐3) @ 4""*1.0t*15.88mm",450,2400.0,1080000.0,효인,50,2026-09-04,100,개
EMK 연마석 @ 5인치,50,600.0,30000.0,(주)한국티엔에이,50,2026-09-04,100,개
"제일 WA옵셑 7""*8T*22",0,,,제일연마영업소,50,2026-09-04,100,개
스틸포스 플라즈마커팅기용 가이드링,50,0.0,0.0,툴홀릭,50,2026-09-04,100,개
3M 장갑 컴포트-WT 오리지날1 @ L,50,2150.0,107500.0,한신그레이스,50,2026-09-04,100,개
3M 필터 2097K @ 특급,50,3550.0,177500.0,ITS,50,2026-09-04,100,개
3M 장갑 수퍼그립 핫 @ L,49,3400.0,166600.0,효인,49,2026-09-04,100,개
"TU-PLUS 102504 @ 5""*16MM",-351,1100.0,-386100.0,TU글로벌,49,2026-09-04,100,개
"TU-WA 옵셋 #24 @ 4""*6T*16MM",49,450.0,22050.0,박재환,49,2026-09-04,100,개
3M 쿨토시(PS2000) #SEABLUE,0,2450.0,0.0,효인,49,2026-09-04,100,개
유한 크린가드 43043/A10/회 @ 특대,48,3167.0,152016.0,재현상사,48,2026-09-04,100,개
3M테이프 양면 #5069 @ 50MM*3M,0,3750.0,0.0,효인,48,2026-09-04,100,개
"악티록스디스크(만조+패드)@5""*#60",14,18000.0,252000.0,알파연마테크,47,2026-09-04,100,개
"다잘라컷팅날 @ 4""",45,9500.0,427500.0,블랙불코리아,45,2026-09-04,100,개
"3M 푸른돌 #36 @ 4""*3T",20,1580.0,31600.0,효인,40,2026-09-04,100,개
3M 장갑 컴포트-WT 리얼터치2 @ M,40,0.0,0.0,,40,2026-09-04,100,개
"3M 황금돌 #60 @ 4""*2.5T",0,1450.0,0.0,효인,40,2026-09-04,100,개
설렘31호,40,24000.0,960000.0,태평양희현유통,40,2026-09-04,100,개
TWO COMP 472 줄자 @ 8M*25MM,39,8000.0,312000.0,,39,2026-09-04,100,개
3M 방독면 6200,38,11000.0,418000.0,ITS,38,2026-09-04,100,개
3M테이프 양면 #5068 @ 12MM*3M,0,898.0,0.0,효인,37,2026-09-04,100,개
3M 장갑 컴포트-WT 혹한기4 @ M,35,4200.0,147000.0,한신그레이스,35,2026-09-04,100,개
"3M DISC 베벨 GR #400 @ 4""",25,3900.0,97500.0,효인,35,2026-09-04,100,개
"티롤릿 연마석 @ 7""*6T",34,2000.0,68000.0,리오더웨어하우스주식회사,34,2026-09-04,100,개
"5""안전커버",33,500.0,16500.0,효인,33,2026-09-04,100,개
TWO COMP 472 줄자 @ 10M*30MM,33,14000.0,462000.0,,33,2026-09-04,100,개
3M 컬러그립 오렌지 L,30,0.0,0.0,한신그레이스,30,2026-09-04,100,개
3M 필터 6006,0,9500.0,0.0,ITS,30,2026-09-04,100,개
"3M DISC S/C A-VFN(M10홀더) @ 4""",30,0.0,0.0,,30,2026-09-04,100,개
"3M DISC S/C LGB HD A-CRS @ 4""",30,0.0,0.0,,30,2026-09-04,100,개
"3M DISC S/C LGB SD A-CRS @ 4""",30,0.0,0.0,,30,2026-09-04,100,개
사랑존경 12호,30,11000.0,330000.0,태평양희현유통,30,2026-09-04,100,개
"3M DISC S/C A-CRS(M10홀더) @ 4""",30,0.0,0.0,,30,2026-09-04,100,개
GMG 장갑 에코그립 W2002 @ L,30,1875.0,56250.0,주식회사 자산,30,2026-09-04,100,개
SOLO 헤드랜턴 충전 @ SL-140C(줌),29,11000.0,319000.0,박재환,29,2026-09-04,100,개
3M 장갑 수퍼그립200 @ S,27,1550.0,41850.0,한신그레이스,27,2026-09-04,100,개
유한킴벌리 황사 KF94 @ 대형,0,1150.0,0.0,재현상사,25,2026-09-04,100,개
빠우(코팅),25,1700.0,42500.0,효인,25,2026-09-04,100,개
사랑나눔15호,25,13000.0,325000.0,태평양희현유통,25,2026-09-04,100,개
3M MRO 방청유 PL-5 @ 360ML,24,0.0,0.0,,24,2026-09-04,100,개
스타렉슨오토스트랩@25mm*4M,0,13200.0,0.0,주식회사 자산,24,2026-09-04,100,개
GMG 장갑 웜그립L2005W @ XL,24,2750.0,66000.0,주식회사 자산,24,2026-09-04,100,개
3M MRO 스프레이 #99 @ 455ml,0,5200.0,0.0,한신그레이스,24,2026-09-04,100,개
스타렉슨오토스트랩@18mm*2M,0,18000.0,0.0,주식회사 자산,24,2026-09-04,100,개
3M 보안경 SF301SGAF,21,4000.0,84000.0,ITS,21,2026-09-04,100,개
3M MRO 크리너(프 MS061Z) @ 420ML,20,0.0,0.0,,20,2026-09-04,100,개
"3M DISC 플랩 769F #60 @ 4""",20,0.0,0.0,,20,2026-09-04,100,개
"티롤릿 절단석 @ 16""",0,3700.0,0.0,티롤릿코리아,20,2026-09-04,100,개
3M 장갑 컴포트그립 슈퍼폼 @ M,20,1680.0,33600.0,한신그레이스,20,2026-09-04,100,개
3M 장갑 컴포트-WT 리얼터치2 @ L,20,0.0,0.0,,20,2026-09-04,100,개
3M 차량용 유리발수코팅제 @ 390ml,20,3800.0,76000.0,한신그레이스,20,2026-09-04,100,개
노튼 익스퍼트 플랩디스크 @ #60,20,450.0,9000.0,생고뱅코리아 주식회사,20,2026-09-04,100,개
3M 보안경 SF402 AF,0,4200.0,0.0,ITS,20,2026-09-04,100,개
"이화 콘크리트 컷팅날(마른) @ 4""",0,6900.0,0.0,(주)한국기업,20,2026-09-04,100,개
3M MRO 기계세정제 @ 420ML,20,0.0,0.0,,20,2026-09-04,100,개
3M MRO 접착제거제 @ 200ML,20,0.0,0.0,,20,2026-09-04,100,개
"이화 콘크리트 컷팅날(마른) @ 5""",20,16796.0,335920.0,(주)제이원코리아,20,2026-09-04,100,개
"3M DISC 플랩 769F #80 @ 4""",20,0.0,0.0,,20,2026-09-04,100,개
"3M DISC 베벨 RD #320 @ 4""",20,3750.0,75000.0,효인,20,2026-09-04,100,개
GMG 장갑 워터타이트(완전방수)L2005 @ L,20,1770.0,35400.0,주식회사 자산,20,2026-09-04,100,개
한국웰드텍 WR 골드용접봉 @3.2파이,20,0.0,0.0,,20,2026-09-04,100,개
"TU 플랩 DISC #60 @ 4""*16MM",-80,1100.0,-88000.0,TU글로벌,20,2026-09-04,100,개
3M 그라인더 4CG,16,26000.0,416000.0,한신그레이스,16,2026-09-04,100,개
티롤릿 파트너 절단석 @ 16인치 * 405*4*23,1,18000.0,18000.0,(주)제이원코리아,16,2026-09-04,100,개
3M 장갑 컴포트-WT 오리지날1 @ XL,15,0.0,0.0,,15,2026-09-04,100,개
운반비,14,5000.0,70000.0,(주)한국기업,14,2026-09-04,100,개
MKK키레스척DKC-10,13,,,(주)한국기업,13,2026-09-04,100,개
3M MRO 레몬세정제 @ 420ML,13,0.0,0.0,,13,2026-09-04,100,개
"티롤릿 멀티날 @ 5""",3,8700.0,26100.0,박재환,13,2026-09-04,100,개
3M MRO 실리콘 루브리컨트 @ 255G,12,0.0,0.0,,12,2026-09-04,100,개
스틸포스 4인치 속도조절 그라인더(TH-100G,12,0.0,0.0,리오더웨어하우스주식회사,12,2026-09-04,100,개
전등 SJ3400 LED 작업등,12,8000.0,96000.0,서전MJ,12,2026-09-04,100,개
GMG 장갑 워터타이트(완전방수)L2005 @ S,10,1770.0,17700.0,주식회사 자산,10,2026-09-04,100,개
제일 장갑 NBR POLY @ M,10,0.0,0.0,,10,2026-09-04,100,개
GMG 장갑 소프트그립L2001 @ L,10,1458.0,14580.0,박재환,10,2026-09-04,100,개
GMG 장갑 소프트그립L2001 @ M,10,1458.0,14580.0,박재환,10,2026-09-04,100,개
컷쇼날 S-1125VF(금속용),0,16333.0,0.0,일성철물건재,10,2026-09-04,100,개
3M 장갑 컴포트-WT 혹한기3 @ M,10,3450.0,34500.0,효인,10,2026-09-04,100,개
GMG 장갑 진동방지 L8000 @ M,10,3229.0,32290.0,주식회사 자산,10,2026-09-04,100,개
DAIMON 소켓아답타DWA-12@ BIT→1/2/Dr,0,8151.0,0.0,(주)한국기업,10,2026-09-04,100,개
레즈본 용접면,10,12000.0,120000.0,한국레즈본,10,2026-09-04,100,개
GMG 장갑 진동방지 L8000 @ XL,10,3229.0,32290.0,주식회사 자산,10,2026-09-04,100,개
"3M DISC 플랩 769F #40 @ 4""",10,0.0,0.0,,10,2026-09-04,100,개
GMG 장갑 엔지니어그립 N2002 @ XL,10,2291.0,22910.0,주식회사 자산,10,2026-09-04,100,개
GMG 장갑 진동방지 L8000 @ L,10,3229.0,32290.0,주식회사 자산,10,2026-09-04,100,개
"TU 절단석 AZ 105703 @ 7""*1.8T*22MM",10,2000.0,20000.0,대영 종합상사,10,2026-09-04,100,개
MKK키레스척DKC-13,10,32018.0,320180.0,(주)한국기업,10,2026-09-04,100,개
GMG 장갑 워터타이트(완전방수)L2005 @ XL,10,1770.0,17700.0,주식회사 자산,10,2026-09-04,100,개
DAIWA 손타카 DT-3[H13(13mm)],10,18364.0,183640.0,(주)한국기업,10,2025-12-20,100,개
3M 창문필터,10,5800.0,58000.0,한신그레이스,10,2026-09-04,100,개
"다잘라컷팅날 @ 22""",9,8800.0,79200.0,블랙불코리아,9,2026-09-04,100,개
"3M DISC 양모 @ 4""",9,3750.0,33750.0,효인,9,2026-09-04,100,개
GMG 장갑 컴포트그립 L2002 @ L,7,1666.0,11662.0,주식회사 자산,7,2026-09-04,100,개
"티롤릿 연마석 @ 4""*6T",6,1200.0,7200.0,티롤릿코리아,6,2026-09-04,100,개
"이화 물날(터보날)TB1 @ 5""",0,13049.0,0.0,(주)한국기업,5,2026-09-04,100,개
컷쇼날 S-1122BF(금속용),-5,15345.0,-76725.0,(주)한국기업,5,2026-09-04,100,개
블랙블 양모디스크@ 4인치 PW100,5,0.0,0.0,블랙불코리아,5,2026-09-04,100,개
아임삭 충천임팩렌치(브러쉬리스) BL18X705,5,280161.0,1400805.0,(주)한국기업,5,2026-09-04,100,개
컷쇼날 S-1120CF(금속용),0,24083.0,0.0,(주)한국기업,5,2026-09-04,100,개
이화 타일날TB1@5*1.6T*15mm,0,14402.0,0.0,(주)한국기업,5,2026-09-04,100,개
MKK키레스척DKC-13[13mm(원터치/비트용,5,32018.0,160090.0,(주)한국기업,5,2025-12-20,100,개
세양 초경홀쏘T-TYPE @ 48mm,0,13304.0,0.0,(주)한국기업,5,2026-09-04,100,개
"ARM볼트커터 HA-450@18""*450MM",0,24566.0,0.0,(주)한국기업,5,2026-09-04,100,개
"이화 콘크리트 컷팅날(마른) @ 8""",5,41430.0,207150.0,(주)제이원코리아,5,2026-09-04,100,개
보쉬 SDS드릴 7X @22*200*250(+),0,42693.0,0.0,(주)한국기업,5,2026-09-04,100,개
"이화 콘크리트 컷팅날 @ 14""",0,96830.0,0.0,(주)제이원코리아,5,2026-09-04,100,개
계양 그라인더 @ ACT-100SN,-1,40000.0,-40000.0,(주)한국기업,5,2026-09-04,100,개
3M 테이프 기밀 #4411D(GRAY @ 48MM*4M,0,23400.0,0.0,효인,5,2026-09-04,100,개
계양 충전디스크그라인더 DG18BL-100S,4,0.0,0.0,(주)한국기업,4,2026-09-04,100,개
골프장갑,4,12500.0,50000.0,한신그레이스,4,2026-09-04,100,개
3M 양면테이프 #4421(M)@ 1200MM*10M,4,135000.0,540000.0,효인,4,2026-09-04,100,개
엣지 컵[7 멀티],4,32000.0,128000.0,(주)제이원코리아,4,2025-12-20,100,개
"켈코 절단석 @ 14""",4,2800.0,11200.0,효인,4,2026-09-04,100,개
슈퍼 라쳇렌치 RN-1924@19*24mm,4,23076.0,92304.0,(주)한국기업,4,2026-09-04,100,개
"삼원 팁쇼 목공용/TRP(ST) @ 14""*3*25.4*T",0,42307.0,0.0,(주)한국기업,3,2026-09-04,100,개
"이화 콘크리트 컷팅날 @ 18""",-2,138820.0,-277640.0,(주)제이원코리아,3,2026-09-04,100,개
계양 그라인더 @ ACT-100SN II,3,45268.0,135804.0,(주)한국기업,3,2026-09-04,100,개
"3M DISC 패드 982C @ 4""",3,0.0,0.0,,3,2026-09-04,100,개
3M 쿨토시(PS2000) #라이트그레이,2,2450.0,4900.0,효인,3,2026-09-04,100,개
제일 탁상요 연마석 GC80MV 205*25*25.4,0,0.0,0.0,,3,2026-09-04,100,개
스틸포스 플라즈마커팅기용 오리피스,3,0.0,0.0,툴홀릭,3,2026-09-04,100,개
작업봉ZIBEN-1957,3,51000.0,153000.0,삼진세이프티,3,2026-09-04,100,개
용접기 XCORT @ MMA-200S,3,0.0,0.0,,3,2026-09-04,100,개
3M테이프 양면 #4421 @ 1200MM*10M,3,123000.0,369000.0,효인,3,2026-09-04,100,개
엣지 컵[4 멀티(NEW)],3,17000.0,51000.0,(주)제이원코리아,3,2025-12-20,100,개
회전하는 모기채 SIK002 @ 건전지타입,3,4500.0,13500.0,(주)컷팅코리아,3,2026-09-04,100,개
"이화 콘크리트 컷팅날(마른) @ 10""*2.7",0,54630.0,0.0,(주)제이원코리아,3,2026-09-04,100,개
디월트 충전기,0,30000.0,0.0,경진공구,2,2026-09-04,100,개
다몬 건식코아 비트 @ ∮75,2,,,다몬플러스,2,2026-09-04,100,개
운임비,2,1500000.0,3000000.0,(주)수보,2,2026-09-04,100,개
"TU 절단석 AZ 6503 @ 5""*1.3T",2,0.0,0.0,,2,2026-09-04,100,개
크라우드 폼건(오토락)KR-A2,2,9800.0,19600.0,주식회사 자산,2,2026-09-04,100,개
크라우드 폼건(오토락)KR-A1,2,11300.0,22600.0,주식회사 자산,2,2026-09-04,100,개
다몬 건식코아 헤드 @ ∮75,2,,,다몬플러스,2,2026-09-04,100,개
보쉬 SDS드릴 7X @17*250*315(+),0,,,(주)한국기업,2,2026-09-04,100,개
"3M 푸른돌 #36(HP 66554 6T) @ 4""",2,0.0,0.0,,2,2026-09-04,100,개
GMG 장갑 CUT-5절단방지 T2000 @ XL,2,3541.0,7082.0,주식회사 자산,2,2026-09-04,100,개
엣지 컵[7 아스트라(7T)],2,24000.0,48000.0,(주)제이원코리아,2,2025-12-20,100,개
"이화 타일 컷팅날 @ 8""",0,18931.0,0.0,(주)한국기업,2,2026-09-04,100,개
다몬 건식코아 튜브 @ ∮75,2,,,다몬플러스,2,2026-09-04,100,개
GMG 장갑 손등방지 TX5000 @ L,2,10208.0,20416.0,주식회사 자산,2,2026-09-04,100,개
랩(공업용)500*20,2,10000.0,20000.0,재현상사,2,2026-09-04,100,개
스틸 파트너 절단석 @ 16인치,2,34000.0,68000.0,(주)제이원코리아,2,2026-09-04,100,개
"이화 타일 컷팅날 @ 7""",0,17677.0,0.0,(주)한국기업,2,2026-09-04,100,개
"마키다 충전디스크그라인더 DGA402RTE[4""/V",2,286256.0,572512.0,(주)한국기업,2,2025-12-20,100,개
윤활방청제 W-100 360ML,2,3000.0,6000.0,한신그레이스,2,2026-09-04,100,개
GMG 장갑 손등방지 TX5000 @ M,2,10208.0,20416.0,주식회사 자산,2,2026-09-04,100,개
GMG 장갑 손등방지 TX5000 @ XL,2,10208.0,20416.0,주식회사 자산,2,2026-09-04,100,개
파워라인줄자(코메론) @ 5.5m*27mm,2,9313.0,18626.0,박재환,2,2026-09-04,100,개
MKK키레스척DKC-10[10mm(원터치/비트용),2,27565.0,55130.0,(주)한국기업,2,2025-12-20,100,개
"생고뱅 절단석 노존플러스 @ 4""*1.2T",2,0.0,0.0,,2,2026-09-04,100,개
TWO COMP 472 줄자 @ 5M*19MM,2,6000.0,12000.0,,2,2026-09-04,100,개
"생고뱅 절단석 노존플러스 @ 5""*1.2T",2,0.0,0.0,,2,2026-09-04,100,개
디월트 거리측정기 @ DW065E(20M),0,0.0,0.0,경진공구,2,2026-09-04,100,개
북성공업 예초기 @ BC40F3,1,225000.0,225000.0,주식회사 자산,2,2026-09-04,100,개
"이화 콘크리트 컷팅날(마른) @ 9""*2.7",0,52250.0,0.0,(주)제이원코리아,2,2026-09-04,100,개
밀워키임팩(M18-FIDS2-502X)젠3,0,311400.0,0.0,아리랑공구(주),2,2026-09-04,100,개
"스틸포스 금속용톱날 @10"" (TH-SC255SB)",2,42000.0,84000.0,툴홀릭,2,2026-09-04,100,개
슈퍼 라쳇렌치RN-2430@24*30MM,0,15674.0,0.0,(주)한국기업,2,2026-09-04,100,개
계양 함마드릴 PHD-38[38mm) @오일방식,2,318515.0,637030.0,(주)한국기업,2,2025-12-20,100,개
보쉬 충전임팩드라이버+렌치GDX18V-200C@1H,2,306130.0,612260.0,(주)한국기업,2,2026-09-04,100,개
"고속절단기 지파 JF92551(목공용) @ 10""",1,0.0,0.0,,1,2026-09-04,100,개
"초경 판넬용 @ 7""*25*30*2.2",1,0.0,0.0,,1,2026-09-04,100,개
거래명세서 인쇄용지,1,0.0,0.0,컴장부,1,2026-09-04,100,개
3M 보안경 SF301AF,1,0.0,0.0,,1,2026-09-04,100,개
스틸포스 4인치 세이버 그라인더(TH-100SG),1,35000.0,35000.0,툴홀릭,1,2026-09-04,100,개
밀워키 충전기 M12-18FC(급속충전기),1,47700.0,47700.0,아리랑공구(주),1,2026-09-04,100,개
밀워키 배터리 M18-B5 -5AM,1,74700.0,74700.0,아리랑공구(주),1,2026-09-04,100,개
밀워키 M18 BBL-0 블로어,1,74700.0,74700.0,아리랑공구(주),1,2026-09-04,100,개
밀워키 송풍기(M18-BBL-O)배어툴,1,70200.0,70200.0,아리랑공구(주),1,2026-09-04,100,개
보쉬 그라인더 @ GWS6-100,1,42000.0,42000.0,박재환,1,2026-09-04,100,개
스틸포스 금속절단기 @ 14 (TH-SC355),0,340000.0,0.0,리오더웨어하우스주식회사,1,2026-09-04,100,개
"3M 절단석 65137(큐) @ 4""*9.5mm",1,2100.0,2100.0,효인,1,2026-09-04,100,개
인너케이스@몰드,1,200200.0,200200.0,(주)수보,1,2026-09-04,100,개
"제일 절단석 PS-GOLD @ 4""",1,800.0,800.0,,1,2026-09-04,100,개
앵글,1,74120.0,74120.0,아이거,1,2026-09-04,100,개
"스틸포스 금속용톱날 @12"" (TH-SC305SB)",0,55000.0,0.0,툴홀릭,1,2026-09-04,100,개
"3M 푸른돌 #24 @ 7""*6T",1,4700.0,4700.0,효인,1,2026-09-04,100,개
다몬 건식코아 비트 @ ∮90(88),1,18200.0,18200.0,다몬플러스,1,2026-09-04,100,개
엣지 컵[4 아스트라-연삭기용(10T)],1,12000.0,12000.0,(주)제이원코리아,1,2025-12-20,100,개
"DCK 그라인더 KSM05-230/3,000W 2 9""",1,86000.0,86000.0,(주)제이원코리아,1,2026-09-04,100,개
계양 컷쇼 RS-1300[1300W],1,120280.0,120280.0,(주)한국기업,1,2025-12-20,100,개
개인,1,5808000.0,5808000.0,대광교역박상무,1,2026-09-04,100,개
스티커1@몰드,1,200200.0,200200.0,(주)수보,1,2026-09-04,100,개
스티커2@몰드,1,200200.0,200200.0,(주)수보,1,2026-09-04,100,개
아웃케이스@몰드,1,200200.0,200200.0,(주)수보,1,2026-09-04,100,개
3M 보안경 40654PLUS,1,11000.0,11000.0,ITS,1,2026-09-04,100,개
DCK 충전그라인더 @ 20V 4AH,1,120000.0,120000.0,(주)제이원코리아,1,2026-09-04,100,개
작업복 ZIBEN-2053,1,65000.0,65000.0,삼진세이프티,1,2026-09-04,100,개
아임삭 충전그라인더 @ BL18Q605,1,0.0,0.0,(주)한국기업,1,2026-09-04,100,개
디월트 DCF894P2 미드토크 임팩렌치,0,393000.0,0.0,경진공구,1,2026-09-04,100,개
디월트 DCF801N 충전드릴12V @ 베어툴,1,,,경진공구,1,2026-09-04,100,개
산업용선풍기,1,0.0,0.0,(주)한국기업,1,2026-09-04,100,개
청소기,1,135117.0,135117.0,(주)한국기업,1,2026-09-04,100,개
앵글 IV2.0,1,717120.0,717120.0,아이거,1,2026-09-04,100,개
진열장,1,717120.0,717120.0,아이거,1,2026-09-04,100,개
디월트 햄머드릴 DCD996P2 18V 5AH,0,0.0,0.0,경진공구,1,2026-09-04,100,개
말표 용접앞치마,1,5921.0,5921.0,(주)한국기업,1,2026-09-04,100,개
바른마스크 덴탈/개별 @ 30EA,0,4000.0,0.0,재현상사,1,2026-09-04,100,개
디월트 콤보 SET @ DCK485M3,0,0.0,0.0,경진공구,1,2026-09-04,100,개
디월트 로타리 햄머 @ DCH133P2,0,0.0,0.0,경진공구,1,2026-09-04,100,개
디월트 충전임팩렌치 @ DCF880M2,0,0.0,0.0,경진공구,1,2026-09-04,100,개
다몬 건식코아 헤드 @ ∮90(88),1,5200.0,5200.0,다몬플러스,1,2026-09-04,100,개
다몬 건식코아 튜브 @ ∮90(88),1,7900.0,7900.0,다몬플러스,1,2026-09-04,100,개
3M 넥쿨러(PN1000) #블루,1,7800.0,7800.0,효인,1,2026-09-04,100,개
3M 쿨토시(PS2000) #화이트,1,2450.0,2450.0,효인,1,2026-09-04,100,개
디월트 전동드라이버 @ DCF680G2,0,0.0,0.0,경진공구,1,2026-09-04,100,개
디월트 각도절단기 @ DCS727T2,0,0.0,0.0,경진공구,1,2026-09-04,100,개
디월트 레벨기 레드 @ DW089K-KR,0,0.0,0.0,경진공구,1,2026-09-04,100,개
디월트 비트/티타늄 @ DT50050-KR,0,0.0,0.0,경진공구,1,2026-09-04,100,개
장갑 스마트그립200 @ M,1,0.0,0.0,,1,2026-09-04,100,개
3M 정수필터 @ 프리미엄,1,0.0,0.0,,1,2026-09-04,100,개
3M 정수필터 @ 스탠다드,1,0.0,0.0,,1,2026-09-04,100,개
스탠레스 줄자 @ 3M*13MM,1,0.0,0.0,,1,2026-09-04,100,개
인버터용접기 GOLD-200,1,121600.0,121600.0,(주)한국기업,1,2026-09-04,100,개
다몬건식코아(세트) @ ∮90(88),-1,31300.0,-31300.0,다몬플러스,-1,2026-09-04,100,개
미수금,-1,0.0,-0.0,,-1,2026-09-04,100,개
오성 무성충전그라인더,-1,0.0,-0.0,,-1,2026-09-04,100,개
레벨기 ADL-440 @ 4V4H(전자식)박스,-1,0.0,-0.0,,-1,2026-09-04,100,개
악티록스용 만조,-1,0.0,-0.0,,-1,2026-09-04,100,개
"계양 디스크 그라인더DG-230FB @ 9""",-1,188817.0,-188817.0,(주)한국기업,-1,2026-09-04,100,개
영업일지,-1,0.0,-0.0,,-1,2026-09-04,100,개
제우스맨 쿨토시(IM) @ 회색,-1,750.0,-750.0,서전MJ,-1,2026-09-04,100,개
조정료,-1,0.0,-0.0,,-1,2026-09-04,100,개
"원형톱 계양 CS-7CA @ 7""",-1,96153.0,-96153.0,(주)한국기업,-1,2026-09-04,100,개
아임삭 충전그라인더 @ BL22G806,-1,323755.0,-323755.0,(주)한국기업,-1,2026-09-04,100,개
밀워키 M18 CBLPD 충천해머드릴 하드케이스,0,103500.0,0.0,아리랑공구(주),-1,2026-09-04,100,개
디월트충전드릴 DCF620D2K 18V 2AH,0,399000.0,0.0,경진공구,-1,2026-09-04,100,개
제일 탁상용 연마석 GC80MV1 125*13.5*12.5,-1,4800.0,-4800.0,제일연마영업소,-1,2026-09-04,100,개
기타,-1,0.0,-0.0,,-1,2026-09-04,100,개
"[3M 절단석 01994 @ 4""",-1,2100.0,-2100.0,효인,-1,2025-12-20,100,개
택배비-진영건축자재백화점,-1,0.0,-0.0,,-1,2026-09-04,100,개
"고속절단기 디월트 @ 14""",0,138000.0,0.0,경진공구,-1,2026-09-04,100,개
보쉬 충전햄머드릴 @ GSB10.8-2-LI,0,0.0,0.0,,-1,2026-09-04,100,개
"생고뱅 절단석 블루파이어 @ 14""",-1,0.0,-0.0,,-1,2026-09-04,100,개
3M 안전용품,-1,0.0,-0.0,,-1,2026-09-04,100,개
디월트 충전 임팩드리이버@베어툴,-1,0.0,-0.0,,-1,2026-09-04,100,개
퀵서비스,-1,0.0,-0.0,,-1,2026-09-04,100,개
밀워키 송풍기(M18-BBL-O),-1,0.0,-0.0,,-1,2026-09-04,100,개
레벨기 ADL-8102 @ 4V4H(전자식),0,220000.0,0.0,대광교역,-1,2026-09-04,100,개
디월트 무선 원형샌딩기 @DCW210N,0,140000.0,0.0,경진공구,-1,2026-09-04,100,개
밀워키충전그라인더 M18 CAG125XPDB-602X,0,357900.0,0.0,아리랑공구(주),-1,2026-09-04,100,개
다몬건식코아(세트) @ ∮75,-2,,,,-2,2026-09-04,100,개
"다잘라컷팅날 @ 7""",0,17600.0,0.0,블랙불코리아,-2,2026-09-04,100,개
SB 뉴하디수평기 40(1000mm) NHV3-40,-2,0.0,-0.0,,-2,2026-09-04,100,개
SB 뉴하디수평기 72(1800mm) NHV4-72,-2,,,,-2,2026-09-04,100,개
SB 뉴하디수평기 48(1200mm) NHV3-48,-2,,,,-2,2026-09-04,100,개
"TU옵셀 7""",-2,0.0,-0.0,,-2,2026-09-04,100,개
[장갑등,-2,0.0,-0.0,,-2,2025-12-20,100,개
제나 먼지커버 @ 드릴콘 HL-101,0,20000.0,0.0,경진공구,-2,2026-09-04,100,개
SB 뉴하디수평기 60(1500mm) NHV4-60,-3,,,,-3,2026-09-04,100,개
디월트 배터리 20V 5.0AH @ DCB205,0,95000.0,0.0,경진공구,-3,2026-09-04,100,개
슈퍼 라쳇렌치RN-1924@19*24MM,-4,23076.0,-92304.0,(주)한국기업,-4,2026-09-04,100,개
"제일 절단석 PS-GOLD @ 16""",-5,3500.0,-17500.0,제일연마영업소,-5,2026-09-04,100,개
"3M FLOOR PAD #7200(흑색) @ 18""",0,0.0,0.0,효인,-5,2026-09-04,100,개
"3M FLOOR PAD #5100(적색) @ 18""",0,0.0,0.0,효인,-5,2026-09-04,100,개
컷쇼날 S922BF(철재용),-5,10942.0,-54710.0,(주)한국기업,-5,2026-09-04,100,개
스틸포스14인치 파이프용톱날,0,85000.0,0.0,툴홀릭,-5,2026-09-04,100,개
컷쇼날 S-1022EHM(특수용/스텐),0,24027.0,0.0,(주)한국기업,-5,2026-09-04,100,개
"이화 마른날 M5S @ 7"" *2.4T*22mm",-5,30144.0,-150720.0,(주)한국기업,-5,2026-09-04,100,개
DAIMON 키레스척세트(원터치/빗트타입) @~M,-5,,,,-5,2026-09-04,100,개
SB 뉴하디자석수평기 18(450mm) NHMV3-18,-5,,,,-5,2026-09-04,100,개
택배비[영진목공건재,-6,0.0,-0.0,,-6,2025-12-20,100,개
디월트 임팩드라이버 @ DCF887P2A,-6,339000.0,-2034000.0,경진공구,-6,2026-09-04,100,개
3M 필터 캡 501,-6,700.0,-4200.0,ITS,-6,2026-09-04,100,개
"악티록스디스크@5""*#60",-6,0.0,-0.0,,-6,2026-09-04,100,개
레즈본 용접면 카트리지,0,5000.0,0.0,한국레즈본,-7,2026-09-04,100,개
할인,-7,6000.0,-42000.0,(주)수보,-8,2026-09-04,100,개
택배비[주원금속철물상사,-8,0.0,-0.0,,-8,2025-12-20,100,개
"이화 마른날 M4RS @ 8"" *3.1T *22mm",-8,46304.0,-370432.0,(주)한국기업,-8,2026-09-04,100,개
택배비[가온렌탈공구,-9,0.0,-0.0,,-9,2025-12-20,100,개
"컷쇼날 S9122HF(목재,철재,알루미늄)보쉬",0,7590.0,0.0,(주)한국기업,-10,2026-09-04,100,개
생고뱅 보안경 울트라라이트18,-10,0.0,-0.0,,-10,2026-09-04,100,개
"이화 마른날 HCG @ 5"" *2.0T*22.23mm",-10,17150.0,-171500.0,(주)한국기업,-10,2026-09-04,100,개
"삼양 연마석 @ 7""",-10,0.0,-0.0,,-10,2026-09-04,100,개
"컷쇼날 S-1122HF(목재,철재,알루미늄)보쉬",0,0.0,0.0,(주)한국기업,-10,2026-09-04,100,개
택배비[김태환 화물,-10,0.0,-0.0,,-10,2025-12-20,100,개
노튼 블루파이어 플랩디스크 @ #60,-10,0.0,-0.0,,-10,2026-09-04,100,개
컷쇼날 S-1411DF(목재 철재 겸용),-10,15512.0,-155120.0,(주)한국기업,-10,2026-09-04,100,개
"악티록스 디스크 AF799 #60 4""*16",-10,0.0,-0.0,,-10,2026-09-04,100,개
"제일 절단석 PS-GOLD @ 14"" ②",-10,3000.0,-30000.0,제일연마영업소,-10,2026-09-04,100,개
키레스드릴척 MKK @ DKC-13,-10,29070.0,-290700.0,(주)한국기업,-10,2026-09-04,100,개
이화컵휠(S/평컵플러스) @ 4인치,-10,22776.0,-227760.0,(주)한국기업,-10,2026-09-04,100,개
계양팁쇼목공용/중국산 @ 185*60*2.5*19,-10,,,,-10,2026-09-04,100,개
계양팁쇼목공용/T형 국산 @185*60*2.8*19,-10,0.0,-0.0,,-10,2026-09-04,100,개
"컷쇼날 S-1122VF(목재,철재,알루미늄,유리",-10,17330.0,-173300.0,(주)한국기업,-10,2025-12-20,100,개
"이화 콘크리트 마른날(베트남) @ 5""",-10,17202.0,-172020.0,(주)한국기업,-10,2026-09-04,100,개
SB 스타프 5m5단 ST-55M,-10,0.0,-0.0,,-10,2026-09-04,100,개
"MD 절단석 @ 5""*16MM",-10,600.0,-6000.0,문현동,-10,2026-09-04,100,개
컷쇼날 S-1122BF(철재용,-10,14240.0,-142400.0,,-10,2026-09-04,100,개
카이마해바라기 @ #80,-10,0.0,-0.0,,-10,2026-09-04,100,개
"악티록스디스크@5""*#36",-11,0.0,-0.0,,-11,2026-09-04,100,개
스틸포스 4인치 세이버 그라인더TH-100SG,-12,0.0,-0.0,,-12,2026-09-04,100,개
택배비[삼구이칠농자자재,-13,0.0,-0.0,,-13,2025-12-20,100,개
3M 장갑 컴포트그립 AIR @ L,-13,1500.0,-19500.0,효인,-13,2026-09-04,100,개
키레스드릴척 MKK @ DKC-10,-13,24966.0,-324558.0,(주)한국기업,-13,2026-09-04,100,개
택배비[성진전기철물,-14,0.0,-0.0,,-14,2025-12-20,100,개
3M테이프 양면 #4421 @ 1200MM*50MM,-14,,,,-14,2026-09-04,100,개
3M 장갑 수퍼그립200-WT @ L,-14,2150.0,-30100.0,효인,-14,2026-09-04,100,개
택배비[부원건철종합,-15,0.0,-0.0,,-15,2025-12-20,100,개
"3M DISC 베벨 BL #120 @ 4""",0,6500.0,0.0,효인,-15,2026-09-04,100,개
택배비[남원주조경조재농약마트,-16,0.0,-0.0,,-16,2025-12-20,100,개
택배비[도개건재,-17,0.0,-0.0,,-17,2025-12-20,100,개
택배비[예림,-18,0.0,-0.0,,-18,2025-12-20,100,개
택배비[신우종합건재상사,-18,0.0,-0.0,,-18,2025-12-20,100,개
3M 장갑 컴포트-WT 혹한기4 @ L,-20,4200.0,-84000.0,한신그레이스,-20,2026-09-04,100,개
"이화 타일 컷팅날(TB6W) @ 4""",0,4850.0,0.0,(주)제이원코리아,-20,2026-09-04,100,개
스틸포스 금속용톱날 @ 14 (TH-SC355SB),-20,62000.0,-1240000.0,리오더웨어하우스주식회사,-20,2026-09-04,100,개
노튼 블루파이어 플랩디스크 @ #80,-20,0.0,-0.0,,-20,2026-09-04,100,개
DAIWA 손타카 DT-3(H13 13mm),-20,18364.0,-367280.0,(주)한국기업,-20,2026-09-04,100,개
"3M 황금돌 #36 @ 4""*3T",0,1450.0,0.0,효인,-20,2026-09-04,100,개
"TU 플랩 DISC #80 @ 4""*16MM",-20,1100.0,-22000.0,TU글로벌,-20,2026-09-04,100,개
보호면 오토스 투명 @ S,0,6600.0,0.0,조광상회,-20,2026-09-04,100,개
3M 정화통 6002K,0,0.0,0.0,ITS,-20,2026-09-04,100,개
스포르팅 절단석 @ 4인치 * 16MM,-20,400.0,-8000.0,강일GTC,-20,2026-09-04,100,개
3M 보안경 버추아(78283) @ CLEAR,0,1650.0,0.0,ITS,-20,2026-09-04,100,개
TU 세라믹디스크,-20,0.0,-0.0,,-20,2026-09-04,100,개
유한 크린가드 43402/A40/노랑 @ 특대,0,5729.0,0.0,재현상사,-24,2026-09-04,100,개
3M테이프 양면 #5068 @ 48MM*1.4M,0,2100.0,0.0,효인,-24,2026-09-04,100,개
"클링스포 절단석 @ 5""",-25,1500.0,-37500.0,JK인터내셔널,-25,2026-09-04,100,개
"3M 절단석 보급형 @ 14""",-25,2100.0,-52500.0,효인,-25,2026-09-04,100,개
3M 장갑 수퍼그립200 @ M,70,1550.0,108500.0,한신그레이스,-30,2026-09-04,100,개
노튼 익스퍼트 플랩디스크 @ #40,-30,450.0,-13500.0,생고뱅코리아 주식회사,-30,2026-09-04,100,개
스틸포스 4인치 속도조절 그라인더TH-100G,-34,0.0,-0.0,,-34,2026-09-04,100,개
3M 방독면 6800,-35,118000.0,-4130000.0,ITS,-35,2026-09-04,100,개
제일연마 컵돌연마석 @ 3인치,-35,0.0,-0.0,,-35,2026-09-04,100,개
용접봉 골든브릿지 솔리드 @ 1.2mm,-40,0.0,-0.0,에이엠티인터내셔널,-40,2026-09-04,100,개
노튼 익스퍼트 플랩디스크 @ #120,-40,0.0,-0.0,,-40,2026-09-04,100,개
용접봉 골든브릿지 솔리드 @ 1.4mm,-40,0.0,-0.0,,-40,2026-09-04,100,개
"TU 세라믹화이버디스크 @ 4""",-43,700.0,-30100.0,TU글로벌,-43,2026-09-04,100,개
"TU 연마석 @ 7""",-45,2000.0,-90000.0,박종현,-45,2026-09-04,100,개
"TU 연마석 @ 4""*6T",-50,0.0,-0.0,,-50,2026-09-04,100,개
3M양면#4421(M)@1200MM*10M*48,-50,0.0,-0.0,,-50,2026-09-04,100,개
"3M 옵셋 #24(리지드 A-100) @ 4""",-50,0.0,-0.0,,-50,2026-09-04,100,개
TU,-50,0.0,-0.0,,-50,2026-09-04,100,개
악티록스 만조,-105,695.0,-72975.0,(주)수보,-52,2026-09-04,100,개
"제일 연마석 WA O/S @ 7""*8T",-60,1420.0,-85200.0,제일연마영업소,-60,2026-09-04,100,개
3M테이프 양면 #4421 @ 1200MM*24MM,-64,,,,-64,2026-09-04,100,개
"티롤릿 절단석 블루 @ 4""",-75,760.0,-57000.0,유영찬,-75,2026-09-04,100,개
3M 장갑 수퍼그립 핫 @ M,-91,3400.0,-309400.0,효인,-91,2026-09-04,100,개
3M 장갑 컴포트그립(GREEN) @ M,-100,1600.0,-160000.0,한신그레이스,-100,2026-09-04,100,개
3M양면#4421(M)@1200MM*10M*24,-100,,,,-100,2026-09-04,100,개
"3M절단석 72653 @ 4""",-100,0.0,-0.0,,-100,2026-09-04,100,개
"3M 옵셋 #30(보급형 6T) @ 4""",50,440.0,22000.0,효인,-100,2026-09-04,100,개
3M 장갑 컴포트그립 @ M,-100,1500.0,-150000.0,효인,-100,2026-09-04,100,개
"3M 리지드 그라인딩디스크@ 7""*8T",0,1400.0,0.0,효인,-100,2026-09-04,100,개
트러스트 스피드 디스크컷 @ #80,-200,560.0,-112000.0,(주)오성연마,-100,2026-09-04,100,개
3M 장갑 컴포트그립(GREEN) @ L,-100,1600.0,-160000.0,한신그레이스,-100,2026-09-04,100,개
3M 에어 롤록페이퍼 #36 3M 984F,-100,0.0,-0.0,,-100,2026-09-04,100,개
3M테이프 양면 #4421 @ 1200MM*12MM,-113,,,,-113,2026-09-04,100,개
"제네시스 절단석 @ 14""",-125,0.0,-0.0,,-125,2026-09-04,100,개
3M 장갑 수퍼그립200-WT @ M,-130,2150.0,-279500.0,효인,-130,2026-09-04,100,개
GMG 장갑 타격방지 TX5000 @ M,-148,0.0,-0.0,,-148,2026-09-04,100,개
"제일 절단석 PS-GOLD @ 14""",-148,2600.0,-384800.0,제일연마영업소,-148,2026-09-04,100,개
"3M 절단석 53070(실버) @ 4""",0,1150.0,0.0,효인,-150,2026-09-04,100,개
3M 마스크 방진1급(접이식) @ 8955K,88,1700.0,149600.0,ITS,-152,2026-09-04,100,개
GMG 장갑 타격방지 TX5000 @ L,-154,0.0,-0.0,,-154,2026-09-04,100,개
용접봉 골든브릿지 @ 2.5∮,-160,1400.0,-224000.0,에이엠티인터내셔널,-160,2026-09-04,100,개
"3D골드 절단석 @ 4""*16MM",-180,400.0,-72000.0,대광교역,-180,2026-09-04,100,개
택배비,-185,3000.0,-555000.0,효인,-199,2026-09-04,100,개
EMK 절단석 @ 7인치,0,1200.0,0.0,(주)한국티엔에이,-200,2026-09-04,100,개
"그라인더 원터치 마술만조 MA-KB @ 4""",-202,6770.0,-1367540.0,박재환,-202,2026-09-04,100,개
"TU-PLUS 101404 @ 4""*16MM",-318,950.0,-302100.0,TU글로벌,-318,2026-09-04,100,개
GMG 장갑 컷팅세이프티 T2000 @ L,-330,0.0,-0.0,,-330,2026-09-04,100,개
GMG 장갑 컷팅세이프티 T2000 @ M,-330,0.0,-0.0,,-330,2026-09-04,100,개
애니가드 마스크(1급)*VC102V 밸브유,-370,500.0,-185000.0,제일연마영업소,-370,2026-09-04,100,개
"레즈본 연마석 #60 @ 4""*3T",-375,600.0,-225000.0,한국레즈본,-375,2026-09-04,100,개
케이케어 KF94 마스크,-400,95.0,-38000.0,지케이에스,-400,2026-09-04,100,개
"그라인더 원터치 마술만조  @ 4""",-400,0.0,-0.0,,-400,2026-09-04,100,개
"페어드절단석(SG-PLUS)@ 4"" *0.8T",-400,0.0,-0.0,,-400,2026-09-04,100,개
마스크,-400,0.0,-0.0,,-400,2026-09-04,100,개
"TU 절단석 S 105502 @ 5""*16MM",-448,1500.0,-672000.0,TU글로벌,-448,2026-09-04,100,개
퓨어라이프 KF94 새부리형,-500,170.0,-85000.0,지케이에스,-500,2026-09-04,100,개
조선선재 용접봉 @ 3.2∮,0,2720.0,0.0,(주)우리종합금속,-500,2026-09-04,100,개
"이엑스파워 절단석 @ 4""",-600,417.0,-250200.0,(주)동신툴피아,-600,2026-09-04,100,개
"3D프리미엄 @4""",-600,0.0,-0.0,,-600,2026-09-04,100,개
"벨로체절단석 리오시범판매용 @ 5""",-600,0.0,-0.0,,-600,2026-09-04,100,개
용접봉 골든브릿지 @ 3.2∮,-795,1800.0,-1431000.0,에이엠티인터내셔널,-795,2026-09-04,100,개
장갑 맨손 혹한기 @ L,-1000,,,,-1000,2026-09-04,100,개
장갑 맨손 혹한기 @ M,-1000,1100.0,-1100000.0,서전MJ,-1000,2026-09-04,100,개
해맑은 일회용 마스크,-1400,0.0,-0.0,지케이에스,-1400,2026-09-04,100,개
와이엠 KF94 마스크,-1500,100.0,-150000.0,지케이에스,-1500,2026-09-04,100,개
"3M 절단석 큐비트론 @ 4""*16MM",-2000,2300.0,-4600000.0,효인,-1600,2026-09-04,100,개
JM 안티코비 덴탈마스크,-2000,0.0,-0.0,,-2000,2026-09-04,100,개
안티코비쿨 덴탈마스크,-2000,0.0,-0.0,,-2000,2026-09-04,100,개
솔+ 일회용마스크(덴탈 흰색),-2800,18.0,-50400.0,지케이에스,-2800,2026-09-04,100,개
"악티록스 디스크 AF799 #36 4""*16MM",-3314,1700.0,-5633800.0,알파연마테크,-3914,2026-09-04,100,개
"3M 절단석 65139(큐비트론) @ 5""",-5300,0.0,-0.0,,-5300,2026-09-04,100,개
