품목코드,품목명,카테고리,규격,매입단가,판매단가,거래횟수,사용여부
P-0001,"다이센 절단석 하드타입 @ 5""",절단석,"5""",0.0,1300.0,2033,활성
P-0002,"아카시 절단석 프리미엄 @ 5""*16MM",절단석,"5""*16MM",1200.0,1000.0,1119,활성
P-0003,"다이센 절단석 하드타입 @ 4""",절단석,"4""",900.0,1000.0,972,활성
P-0004,"제일 절단석 흑돌 @ 14""",절단석,"14""",2600.0,2200.0,889,활성
P-0005,"티롤릿 절단석 블루 @ 5""",절단석,"5""",1600.0,1900.0,828,활성
P-0006,"3M 절단석 01994(new) @ 4""",절단석,"4""",2149.0,2200.0,806,활성
P-0007,"3M 절단석 프리미엄 @ 14""",절단석,"14""",6000.0,4800.0,750,활성
P-0008,수당,기타,,,0.0,736,활성
P-0009,"3M 절단석 65139(큐) @ 5""",절단석,"5""",3650.0,3400.0,676,비활성
P-0010,"티롤릿 절단석 @ 14""",절단석,"14""",3200.0,3300.0,619,활성
P-0011,"베스트 절단석 @ 14""",절단석,"14""",2100.0,2080.0,613,활성
P-0012,"아카시 절단석 프리미엄 @ 4""*16MM",절단석,"4""*16MM",1000.0,1000.0,533,활성
P-0013,"M3 2 절단석 @ 5""",절단석,"5""",700.0,800.0,530,활성
P-0014,"뉴 레즈본2 절단석 @ 5""",절단석,"5""",620.0,900.0,487,활성
P-0015,"다이센 소프트타입 @ 5""",기타,"5""",650.0,600.0,478,활성
P-0016,"페어드 절단석 @ 5""",절단석,"5""",1750.0,1500.0,444,활성
P-0017,"다잘라컷팅날 @ 4""",절단석,"4""",8000.0,9000.0,442,활성
P-0018,"다잘라컷팅날 @ 5""",절단석,"5""",9000.0,10000.0,431,활성
P-0019,"레즈본2 절단석 @ 5""",절단석,"5""",900.0,800.0,390,비활성
P-0020,택배비,기타,,5000.0,5000.0,379,활성
P-0021,3M 장갑 수퍼그립200 @ L,안전용품,L,1750.0,1500.0,341,활성
P-0022,"티롤릿 절단석 (new)블루 @ 4""",절단석,"4""",1300.0,1200.0,314,활성
P-0023,"M3 2 절단석 @ 4""",절단석,"4""",500.0,500.0,307,활성
P-0024,"티롤릿 절단석 블루 @ 4""",절단석,"4""",1300.0,1400.0,302,비활성
P-0025,"페어드 절단석 @ 4""",절단석,"4""",1200.0,950.0,301,활성
P-0026,TURBO Premium 절단석 @ 5인치,절단석,5인치,650.0,800.0,290,활성
P-0027,"아카시 절단석 칸 @ 5""*16MM",절단석,"5""*16MM",700.0,1000.0,285,활성
P-0028,3M 마스크 방진1급 @ 8822,기타,8822,1300.0,1200.0,274,활성
P-0029,"뉴 레즈본2 절단석 @ 4""",절단석,"4""",520.0,500.0,266,활성
P-0030,"레즈본2 절단석 @ 4""",절단석,"4""",500.0,700.0,263,비활성
P-0031,3M 장갑 수퍼그립200 @ M,안전용품,M,1750.0,1570.0,260,활성
P-0032,"티롤릿 터보날 타일용 @ 4""",기타,"4""",5000.0,4000.0,244,활성
P-0033,"베스트 절단석 @ 4""",절단석,"4""",500.0,500.0,241,비활성
P-0034,"티롤릿 절단석 실버 @ 5""",절단석,"5""",1600.0,1600.0,220,활성
P-0035,"티롤릿 마른날 콘크리트용 @4""",기타,"4""",6600.0,5000.0,208,활성
P-0036,"3M 절단석 보급형 @ 14""",절단석,"14""",2250.0,1900.0,206,비활성
P-0037,계양 그라인더 @ ACT-100SN,공구,ACT-100SN,46222.0,44000.0,204,활성
P-0038,"베스트 절단석 @ 5""",절단석,"5""",,500.0,204,활성
P-0039,"악티록스디스크(만조+패드)@4""*#36",연마재,"4""*#36",17000.0,23000.0,200,활성
P-0040,"제일 연마석 흑돌 @ 4""*6T",연마재,"4""*6T",560.0,450.0,190,활성
P-0041,3M 마스크 방진2급 @ 8710L,기타,8710L,550.0,550.0,166,활성
P-0042,"다이센 소프트타입 @ 4""",기타,"4""",700.0,500.0,166,활성
P-0043,"티롤릿 절단석 실버 @ 4""",절단석,"4""",1400.0,1300.0,160,비활성
P-0044,"티롤릿 마른날 콘크리트용 @5""",기타,"5""",13000.0,11000.0,159,활성
P-0045,"아카시 절단석 칸 @ 4""*16MM",절단석,"4""*16MM",1000.0,800.0,152,활성
P-0046,"3M DISC 베벨 BR #180 @ 4""",연마재,"4""",5250.0,3850.0,151,활성
P-0047,"TU-PLUS 102504 @ 5""*16MM",기타,"5""*16MM",1300.0,1400.0,146,활성
P-0048,"3M 푸른돌 #80 @ 4""*2T",기타,"4""*2T",2200.0,1600.0,144,활성
P-0049,3M 필터 2097K @ 특급,기타,특급,4100.0,3850.0,136,비활성
P-0050,"TU-PLUS 101404 @ 4""*16MM",기타,"4""*16MM",1100.0,1200.0,135,활성
P-0051,TURBO Premium 절단석 @ 4인치,절단석,4인치,0.0,600.0,133,활성
P-0052,할인,기타,,,4000.0,132,활성
P-0053,"티롤릿 터보날 타일용 @ 5""",기타,"5""",7000.0,6200.0,131,활성
P-0054,"TU-WA 옵셋 #24 @ 4""*6T*16MM",기타,"4""*6T*16MM",550.0,550.0,124,비활성
P-0055,"3M 푸른돌 #60 @ 4""*2T",기타,"4""*2T",2200.0,1600.0,115,활성
P-0056,"TU-FLEX 옵셋 #24 @ 4""*6T*16MM",기타,"4""*6T*16MM",1300.0,900.0,114,활성
P-0057,"제일 절단석 흑돌 @ 16""",절단석,"16""",3600.0,3000.0,113,비활성
P-0058,"3M 푸른돌 #24 @ 4""*6T",기타,"4""*6T",2000.0,1800.0,111,활성
P-0059,"그라인더 원터치 마술만조 MA-KB @ 4""",공구,"4""",6000.0,5500.0,109,비활성
P-0060,"티롤릿 절단석 @ 7""",절단석,"7""",2300.0,2300.0,107,활성
P-0061,벨로체 연마석 @ 4인치*6t,연마재,4인치*6t,500.0,500.0,104,활성
P-0062,"3M 절단석 47420(큐3) @ 5""*1.0t*15.88mm",절단석,"5""*1.0t*15.88mm",3400.0,3700.0,102,활성
P-0063,"[3M 절단석 01994 @ 4""",절단석,"4""",0.0,0.0,100,비활성
P-0064,"티롤릿 절단석 레드 @ 5""",절단석,"5""",1550.0,1600.0,99,비활성
P-0065,"3M DISC 베벨 GR #400 @ 4""",연마재,"4""",5250.0,3850.0,97,활성
P-0066,"에이스 절단석 @ 14""",절단석,"14""",2400.0,2200.0,94,활성
P-0067,노튼 블루파이어(생고뱅) @ 14인치,기타,14인치,1800.0,1591.0,93,비활성
P-0068,3M 방독면 7502,기타,,29000.0,27000.0,87,비활성
P-0069,"악티록스디스크(만조+패드)@4""*#60",연마재,"4""*#60",17000.0,23000.0,83,활성
P-0070,"티롤릿 멀티날 @ 4""",기타,"4""",7500.0,6000.0,82,활성
P-0071,"레즈본 절단석 @ 14""",절단석,"14""",2100.0,2300.0,80,비활성
P-0072,Z세라믹 절단석 @ 5인치,절단석,5인치,1200.0,1500.0,77,활성
P-0073,용접봉 골든브릿지 @ 3.2∮,기타,3.2∮,1550.0,1800.0,76,비활성
P-0074,화물비,기타,,4000.0,3600.0,74,활성
P-0075,"티롤릿 절단석 @ 16""",절단석,"16""",4300.0,4800.0,72,활성
P-0076,"에이스 절단석 @ 4""",절단석,"4""",580.0,520.0,72,활성
P-0077,디월트 충전그라인더 @ DCG405P2,공구,DCG405P2,347200.0,358000.0,70,비활성
P-0078,"제일 절단석 PS-GOLD @ 14""",절단석,"14""",4500.0,2200.0,70,활성
P-0079,디월트 임팩드라이버 @ DCF887P2A,기타,DCF887P2A,0.0,338000.0,68,비활성
P-0080,스포르팅 절단석 @ 5인치 * 16MM,절단석,5인치 * 16MM,450.0,178.0,68,활성
P-0081,"티롤릿 절단석 레드 @ 4""",절단석,"4""",1400.0,1000.0,66,활성
P-0082,"3M 푸른돌 #36 @ 4""*3T",기타,"4""*3T",2500.0,1600.0,66,활성
P-0083,"티롤릿 멀티날 @ 5""",기타,"5""",12000.0,12000.0,66,활성
P-0084,"클링스포 절단석 @ 5""",절단석,"5""",1700.0,1200.0,65,활성
P-0085,"레즈본 연마석 @ 4""*6T",연마재,"4""*6T",700.0,700.0,65,활성
P-0086,"에이스 절단석 @ 7""",절단석,"7""",1700.0,1500.0,65,활성
P-0087,3M 장갑 수퍼그립200 @ S,안전용품,S,1800.0,1550.0,61,활성
P-0088,3M 장갑 컴포트그립(GREEN) @ L,안전용품,L,1500.0,1600.0,61,활성
P-0089,"체스코 절단석 @ 5""",절단석,"5""",1300.0,1500.0,60,비활성
P-0090,수당지급,기타,,,0.0,60,비활성
P-0091,용접봉 골든브릿지 @ 2.5∮,기타,2.5∮,1500.0,1800.0,59,비활성
P-0092,3M 장갑 수퍼그립200-WT @ L,안전용품,L,1800.0,2400.0,59,활성
P-0093,"클링스포 절단석 @ 4""",절단석,"4""",1500.0,1200.0,58,활성
P-0094,"악티록스디스크(만조+패드)@5""*#36",연마재,"5""*#36",22000.0,22000.0,57,활성
P-0095,"레즈본 연마석 #60 @ 4""*3T",연마재,"4""*3T",700.0,800.0,56,활성
P-0096,3M 장갑 수퍼그립 핫 @ L,안전용품,L,4300.0,3600.0,56,비활성
P-0097,"제일 연마석 WA O/S @ 4""*6T",연마재,"4""*6T",720.0,570.0,55,활성
P-0098,3M 장갑 컴포트그립 @ L,안전용품,L,1750.0,1550.0,54,비활성
P-0099,"3M DISC 베벨 RD #320 @ 4""",연마재,"4""",4750.0,3850.0,54,활성
P-0100,3M 정화통 6003K,기타,,7500.0,6300.0,54,비활성
P-0101,"에이스 절단석 @ 5""",절단석,"5""",1000.0,850.0,53,활성
P-0102,3M 장갑 컴포트그립 AIR @ L,안전용품,L,1750.0,1550.0,52,비활성
P-0103,전등 SJ3400 LED 작업등,기타,,10000.0,13000.0,51,비활성
P-0104,3M 장갑 수퍼그립 핫 @ M,안전용품,M,4400.0,3600.0,50,비활성
P-0105,3M 방독면 6200,기타,,13000.0,12000.0,49,비활성
P-0106,3M 장갑 컴포트그립(GREEN) @ M,안전용품,M,1500.0,1600.0,49,활성
P-0107,"레즈본 절단석 @ 4""",절단석,"4""",420.0,700.0,47,활성
P-0108,"티롤릿 연마석 @ 4""*6T",연마재,"4""*6T",1450.0,1200.0,47,비활성
P-0109,스틸포스 금속용톱날 @ 14 (TH-SC355SB),기타,14 (TH-SC355SB),110000.0,90000.0,47,비활성
P-0110,"TU-FLEX 옵셋 #60 @ 4""*2T*16MM",기타,"4""*2T*16MM",1300.0,750.0,45,활성
P-0111,"벨로체절단석 @ 5""",절단석,"5""",300.0,294.0,43,활성
P-0112,GMG 장갑 에어그립 KR-L2001A @ L,안전용품,L,2500.0,1100.0,42,활성
P-0113,"3M 절단석 큐비트론 @ 4""*16MM",절단석,"4""*16MM",2500.0,2400.0,42,활성
P-0114,3M 장갑 컴포트-WT 혹한기3 @ L,안전용품,L,4150.0,3700.0,41,비활성
P-0115,3M 장갑 컴포트그립 @ M,안전용품,M,1500.0,1550.0,41,활성
P-0116,3M 장갑 수퍼그립200-WT @ M,안전용품,M,1800.0,2400.0,41,활성
P-0117,퓨에어 KF94마스크,기타,,150.0,150.0,41,비활성
P-0118,GMG 장갑 에어그립 KR-L2001A @ M,안전용품,M,2500.0,1100.0,39,활성
P-0119,"로디우스 절단석 @ 5""",절단석,"5""",1900.0,1950.0,39,비활성
P-0120,스틸포스 4인치 속도조절 그라인더(TH-100G,공구,,44000.0,50000.0,39,비활성
P-0121,SAM 14인치 절단석 @ 355*3.0*25.4,절단석,355*3.0*25.4,2500.0,2400.0,38,활성
P-0122,"레즈본 절단석 @ 5""",절단석,"5""",650.0,750.0,38,활성
P-0123,"제일 연마석 흑돌 @ 7""*8T",연마재,"7""*8T",1600.0,1250.0,38,활성
P-0124,3M 장갑 컴포트-WT 혹한기3 @ M,안전용품,M,4150.0,3600.0,37,비활성
P-0125,스틸포스 금속절단기 @ 14 (TH-SC355),절단석,14 (TH-SC355),410000.0,410000.0,37,비활성
P-0126,"TU 절단석 AZ 105703 @ 7""*1.8T*22MM",절단석,"7""*1.8T*22MM",2400.0,2300.0,35,활성
P-0127,"체스코 절단석 @ 4""",절단석,"4""",1100.0,1300.0,35,비활성
P-0128,"제일 절단석 흑돌 @ 7""",절단석,"7""",850.0,1000.0,34,비활성
P-0129,3M 필터 2091K,기타,,3200.0,2900.0,34,비활성
P-0130,"TU-FLEX 옵셋 #24 @ 7""*6T*22MM",기타,"7""*6T*22MM",2200.0,2100.0,34,비활성
P-0131,"제일 절단석 흑돌 @ 4""*1.8T",절단석,"4""*1.8T",420.0,350.0,33,활성
P-0132,"3M 절단석 @ 7""",절단석,"7""",5200.0,4800.0,33,비활성
P-0133,3M 장갑 컴포트-WT 혹한기4 @ L,안전용품,L,5200.0,4250.0,32,비활성
P-0134,"레즈본 절단석 @ 16""",절단석,"16""",3100.0,3000.0,32,활성
P-0135,"TU-FLEX 옵셋 #36 @ 4""*3T*16MM",기타,"4""*3T*16MM",650.0,650.0,32,비활성
P-0136,"렉스톨킹 절단석 @ 5""*16MM",절단석,"5""*16MM",700.0,1100.0,32,비활성
P-0137,트러스트 스피드 디스크컷 @ #60,연마재,#60,680.0,560.0,32,활성
P-0138,"MD 절단석 @ 5""*16MM",절단석,"5""*16MM",900.0,650.0,32,비활성
P-0139,"피셔절단석 @ 4""",절단석,"4""",500.0,440.0,31,비활성
P-0140,"티롤릿 옵셋 #60 @ 4""*2.7T",기타,"4""*2.7T",1200.0,1350.0,31,활성
P-0141,"3M 절단석 프리미엄 @ 16""",절단석,"16""",8600.0,6000.0,31,비활성
P-0142,"이화 콘크리트 컷팅날 @ 16""",절단석,"16""",133000.0,120000.0,31,비활성
P-0143,"제일 절단석 엑설런트 es46 @ 4""*1.2*m",절단석,"4""*1.2*m",250.0,300.0,30,비활성
P-0144,유한킴벌리 마스크 2급 @ M10,기타,M10,550.0,550.0,30,비활성
P-0145,"3D골드 절단석 @ 5""*16MM",절단석,"5""*16MM",750.0,900.0,29,비활성
P-0146,3M 귀마개 1100,기타,,170.0,160.0,28,비활성
P-0147,"티롤릿 다이아몬드 도로용@ 16""",기타,"16""",65000.0,100000.0,28,비활성
P-0148,GMG 장갑 웜그립L2005W @ L,안전용품,L,3500.0,3500.0,28,활성
P-0149,"악티록스 디스크 AF799 #36 4""*16MM",연마재,16MM,1150.0,2600.0,28,활성
P-0150,"에이스 날개빼파 #60 @ 4""",기타,"4""",660.0,660.0,28,비활성
P-0151,스포르팅 절단석 @ 4인치 * 16MM,절단석,4인치 * 16MM,600.0,600.0,28,활성
P-0152,"티롤릿 절단석 @ 3""",절단석,"3""",900.0,700.0,28,활성
P-0153,3M 장갑 컴포트-WT 혹한기4 @ M,안전용품,M,4000.0,4250.0,28,비활성
P-0154,"TU-FLEX 옵셋 #80 @ 4""*2T*16MM",기타,"4""*2T*16MM",1300.0,800.0,27,활성
P-0155,3M 그라인더 4CG,공구,,29000.0,27000.0,27,비활성
P-0156,3MRO 덴탈 블랙마스크,기타,,80.0,100.0,26,비활성
P-0157,"레즈본 절단석 R&B 블랙 @ 5""",절단석,"5""",650.0,600.0,26,비활성
P-0158,"티롤릿 옵셋 #80 @ 4""*2.7T",기타,"4""*2.7T",1400.0,1000.0,26,활성
P-0159,"켈코 절단석 @ 14""",절단석,"14""",2600.0,2800.0,26,비활성
P-0160,"페어드 절단석 @ 4""*0.8t",절단석,"4""*0.8t",1100.0,1200.0,26,비활성
P-0161,티롤릿 파트너 절단석 @ 16인치 * 405*4*23,절단석,16인치 * 405*4*23,18000.0,30000.0,26,활성
P-0162,"렉스톨킹 절단석 @ 4""*16MM",절단석,"4""*16MM",600.0,1000.0,26,비활성
P-0163,"티롤릿 옵셋 #36 @ 4""*2.7T",기타,"4""*2.7T",1150.0,1000.0,26,활성
P-0164,"3M 황금돌 #80 @ 4""*2.5T",기타,"4""*2.5T",2000.0,1600.0,26,비활성
P-0165,"로디우스 절단석 @ 4""",절단석,"4""",1470.0,1400.0,25,비활성
P-0166,"제일 절단석 PS-GOLD @ 16""",절단석,"16""",3500.0,4200.0,25,비활성
P-0167,조정,기타,,,0.0,24,활성
P-0168,레즈본 플랩디스크 #60,연마재,,900.0,650.0,24,활성
P-0169,3M 귀마개 1110,기타,,350.0,350.0,24,비활성
P-0170,"본드플렉스 절단석 @ 5""",절단석,"5""",500.0,450.0,24,비활성
P-0171,"3D골드 절단석 @ 4""*16MM",절단석,"4""*16MM",400.0,700.0,24,비활성
P-0172,터보 Premium 절단석 @ 5인치,절단석,5인치,542.0,650.0,23,활성
P-0173,"3M 절단석 65147(큐) @ 4""*1.0t*16mm",절단석,"4""*1.0t*16mm",2400.0,240.0,23,비활성
P-0174,3M 마스크 방진1급(접이식) @ 8955K,기타,8955K,1800.0,1900.0,23,비활성
P-0175,GMG 장갑 소프트그립L2001 @ L,안전용품,L,1100.0,1100.0,23,비활성
P-0176,"3M 절단석 53070(실버) @ 4""",절단석,"4""",1300.0,1350.0,22,활성
P-0177,GMG 장갑 웜그립L2005W @ XL,안전용품,XL,3500.0,3000.0,22,활성
P-0178,"3M DISC CNS XT(PRO) @ 4""",연마재,"4""",3900.0,3500.0,22,비활성
P-0179,3M MRO 방청유 K-70 @ 230G,기타,230G,2230.0,1950.0,21,비활성
P-0180,3M 장갑 컴포트-WT 오리지날1 @ L,안전용품,L,1800.0,4250.0,21,활성
P-0181,GMG 장갑 워터타이트(완전방수)L2005 @ L,안전용품,L,1550.0,1350.0,21,비활성
P-0182,악티록스 만조,기타,,1000.0,800.0,21,활성
P-0183,컷쇼날 S-1122BF(금속용),기타,,15800.0,14600.0,21,비활성
P-0184,"티롤릿 연마석 @ 7""*6T",연마재,"7""*6T",3000.0,2500.0,20,활성
P-0185,"MD 절단석 @ 4""*16MM",절단석,"4""*16MM",500.0,600.0,20,비활성
P-0186,3M 방독면 6800,기타,,140000.0,118000.0,20,비활성
P-0187,"이화 콘크리트 컷팅날 @ 18""",절단석,"18""",172000.0,155000.0,20,비활성
P-0188,3M MRO 스프레이 #77 @ 455ML,기타,455ML,6500.0,0.0,19,비활성
P-0189,"악티록스디스크(만조+패드)@5""*#60",연마재,"5""*#60",22000.0,19000.0,19,활성
P-0190,보쉬 그라인더 @ GWS750-100EX,공구,GWS750-100EX,0.0,35000.0,19,비활성
P-0191,"레즈본 절단석 @ 7""",절단석,"7""",1300.0,1200.0,18,비활성
P-0192,3M 장갑 컴포트-WT 오리지날1 @ M,안전용품,M,1800.0,4250.0,18,활성
P-0193,[절단석,절단석,,510000.0,0.0,18,비활성
P-0194,"레즈본 연마석 @ 7""*8T",연마재,"7""*8T",1700.0,2500.0,18,비활성
P-0195,디월트 임팩드라(베어툴) @ DCF887,기타,DCF887,135000.0,135000.0,18,비활성
P-0196,켈코절단석 @ 4인치,절단석,4인치,550.0,550.0,18,비활성
P-0197,3M 필터 5N11,기타,,1100.0,1000.0,17,비활성
P-0198,스틸포스 4인치 세이버 그라인더(TH-100SG),공구,,35000.0,40000.0,17,비활성
P-0199,"악티록스 백업패드 @ 4""",기타,"4""",1300.0,800.0,17,활성
P-0200,"스틸포스 금속용톱날 @12"" (TH-SC305SB)",기타,"12"" (TH-SC305SB)",90000.0,90000.0,17,비활성
P-0201,"자르고 절단석 @ 7""",절단석,"7""",950.0,1500.0,17,활성
P-0202,계양 그라인더 @ ACT-100SN II,공구,ACT-100SN II,50000.0,45000.0,16,비활성
P-0203,보쉬 충전임팩드라이버GDR18V@18V BL6AH),기타,18V BL6AH),0.0,270000.0,16,비활성
P-0204,뉴엠 KF94마스크,기타,,120.0,100.0,15,비활성
P-0205,3M 장갑 컴포트-WT 리얼터치2 @ L,안전용품,L,1800.0,4250.0,14,활성
P-0206,보쉬 그라인더 @ GWS6-100,공구,GWS6-100,0.0,43000.0,14,비활성
P-0207,제우스맨 쿨토시(IM) @ 검정,기타,검정,1000.0,800.0,14,비활성
P-0208,"3M 절단석 51791(실버) @ 5""",절단석,"5""",1130.0,1450.0,14,활성
P-0209,"페어드 절단석 @ 14""",절단석,"14""",3500.0,3500.0,14,비활성
P-0210,터보 Premium 절단석 @ 4인치,절단석,4인치,350.0,500.0,14,활성
P-0211,"페어드절단석(SG-E)@ 4"" *0.8T",절단석,"4"" *0.8T",1200.0,1100.0,14,비활성
P-0212,유한킴벌리 마스크 1급 @ M20,기타,M20,825.0,1000.0,14,비활성
P-0213,켈코절단석 @ 5인치,절단석,5인치,800.0,800.0,14,비활성
P-0214,백마절단석 @4인치 105*16,절단석,4인치 105*16,700.0,700.0,14,활성
P-0215,백마절단석 @ 5인치,절단석,5인치,900.0,900.0,14,활성
P-0216,"홈툴즈 절단석 @ 4""",절단석,"4""",240.0,400.0,13,비활성
P-0217,"TU 플랩 DISC #80 @ 4""*16MM",연마재,"4""*16MM",1500.0,1300.0,13,활성
P-0218,"3M DISC 양모 @ 4""",연마재,"4""",4600.0,3800.0,13,비활성
P-0219,레즈본 용접면,기타,,15000.0,15000.0,13,비활성
P-0220,컷쇼날 S-1411DF(목재 철재 겸용),기타,,17800.0,13000.0,13,비활성
P-0221,GMG 장갑 에코그립 W2002 @ L,안전용품,L,1200.0,1150.0,13,비활성
P-0222,키레스드릴척 MKK @ DKC-13,드릴/비트,DKC-13,35000.0,30500.0,12,비활성
P-0223,파워라인줄자(코메론) @ 5.5m*27mm,기타,5.5m*27mm,9313.0,10000.0,12,비활성
P-0224,"피닉스 절단석 @ 4""",절단석,"4""",700.0,1000.0,12,비활성
P-0225,키퍼미골드 KF94마스크,기타,,0.0,120.0,12,비활성
P-0226,3M 마스크 방진1급 @ 8922,기타,8922,1550.0,1550.0,12,비활성
P-0227,용접봉 골든브릿지 @ 4.0∮,기타,4.0∮,0.0,1700.0,12,비활성
P-0228,스틸포스 플라즈마커팅기@TH-PC45LCD,기타,TH-PC45LCD,730000.0,800000.0,12,비활성
P-0229,Z세라믹 절단석 @ 4인치,절단석,4인치,900.0,1000.0,12,활성
P-0230,장갑 맨손 혹한기 @ M,안전용품,M,1500.0,1200.0,12,비활성
P-0231,"제일 연마석 WA O/S @ 7""*8T",연마재,"7""*8T",1700.0,1500.0,12,비활성
P-0232,"밀워키 컷쇼날(철용) 4187 @ 9"" 14TPI",기타,"9"" 14TPI",13500.0,13500.0,12,비활성
P-0233,제우스맨 쿨토시(IM) @ 회색,기타,회색,1000.0,1000.0,12,비활성
P-0234,3M테이프 양면 #5068 @ 50MM*3M,테이프,50MM*3M,4400.0,3740.0,12,비활성
P-0235,볼케이노 절단석@소프트타입 5인치,절단석,소프트타입 5인치,600.0,600.0,12,활성
P-0236,"티롤릿 다이아몬드 벽채날@ 16""",기타,"16""",60000.0,80000.0,11,비활성
P-0237,"레즈본 연마석 청평 #60 @ 4""",연마재,"4""",600.0,600.0,11,비활성
P-0238,"레즈본 연마석 청평 #80 @ 4""",연마재,"4""",600.0,850.0,11,비활성
P-0239,솔+ 일회용마스크(덴탈 흰색),기타,,40.0,50.0,11,비활성
P-0240,마술만조 MD414(마키다/디월트),기타,,5500.0,6000.0,11,비활성
P-0241,3M 장갑 컴포트-WT 리얼터치2 @ M,안전용품,M,1800.0,4250.0,11,활성
P-0242,"TU 절단석 S 105502 @ 5""*16MM",절단석,"5""*16MM",1600.0,2000.0,11,비활성
P-0243,"레즈본 절단석 R&B 블랙 @ 4""",절단석,"4""",550.0,500.0,11,비활성
P-0244,장갑 렉스톨 @ L,안전용품,L,0.0,750.0,11,활성
P-0245,"대광연마 @ 5""",연마재,"5""",550.0,700.0,10,비활성
P-0246,용접봉 골든브릿지 플럭스 @ 1.2mm,기타,1.2mm,1200.0,1700.0,10,비활성
P-0247,"TU 연마석 @ 7""",연마재,"7""",2500.0,2500.0,10,비활성
P-0248,GMG 장갑 워터타이트(완전방수)L2005 @ M,안전용품,M,1550.0,1700.0,10,비활성
P-0249,"피닉스 절단석 @ 5""",절단석,"5""",900.0,600.0,10,비활성
P-0250,"노존플러스절단석 @ 5""",절단석,"5""",2100.0,2200.0,10,비활성
P-0251,3M 필터 캡 501,기타,,900.0,800.0,10,비활성
P-0252,제우스맨 쿨토시(IM) @ 파랑,기타,파랑,800.0,1000.0,10,비활성
P-0253,케이케어 KF94 마스크,기타,,130.0,180.0,10,비활성
P-0254,유한킴벌리 황사 KF94 @ 대형,기타,대형,0.0,1400.0,10,비활성
P-0255,"이엑스파워 절단석 @ 4""",절단석,"4""",400.0,470.0,10,비활성
P-0256,"이화 콘크리트 컷팅날(마른) @ 4""",절단석,"4""",8300.0,7600.0,10,비활성
P-0257,"제일 연마석 흑돌 @ 7""*6T",연마재,"7""*6T",1550.0,1470.0,10,활성
P-0258,터보Primium소프트절단석@5인치,절단석,5인치,900.0,650.0,9,활성
P-0259,마스크 30EA/3겹/개별/흰색/수입,기타,,0.0,250.0,9,비활성
P-0260,"레즈본 연마석 청평 #60 @ 4.5""",연마재,"4.5""",800.0,800.0,9,비활성
P-0261,"원형톱 계양 CS-7CA @ 7""",기타,"7""",95000.0,99000.0,9,비활성
P-0262,마술만조 KB412(계량/보쉬/3M/스틸포스),기타,,5000.0,5500.0,9,비활성
P-0263,제이투메카 KF94마스크,기타,,105.0,150.0,9,비활성
P-0264,"3M 절단석 65148(큐) @ 4""*1.3t*9.5mm",절단석,"4""*1.3t*9.5mm",2400.0,2400.0,9,비활성
P-0265,노튼 익스퍼트 플랩디스크 @ #40,연마재,#40,750.0,700.0,9,비활성
P-0266,계양 고속절단기 @ 14-D,절단석,14-D,143734.0,135000.0,9,비활성
P-0267,애니가드마스크@KF-AD(비말차단마스크),기타,KF-AD(비말차단마스크),100.0,100.0,9,비활성
P-0268,Jway KF94마스크,기타,,100.0,100.0,9,비활성
P-0269,디월트 충전그라인더(베어툴) @ DCG405N,공구,DCG405N,148000.0,145000.0,9,비활성
P-0270,"페가텍 절단석 @ 5""",절단석,"5""",800.0,1500.0,9,비활성
P-0271,키레스드릴척 MKK @ DKC-10,드릴/비트,DKC-10,31500.0,26000.0,8,비활성
P-0272,"피셔절단석 @ 5""",절단석,"5""",900.0,500.0,8,비활성
P-0273,"3M 절단석 81148(큐2/CG) @ 7""*4T*22.23",절단석,"7""*4T*22.23",10000.0,7900.0,8,비활성
P-0274,조선선재 용접봉 @ 3.2∮,기타,3.2∮,3000.0,2800.0,8,비활성
P-0275,DAIWA 손타카 DT-3(H13 13mm),기타,,22000.0,19500.0,8,비활성
P-0276,"3M 푸른돌 #24 @ 7""*6T",기타,"7""*6T",5300.0,5200.0,8,비활성
P-0277,퓨어라이프 KF94 새부리형,기타,,220.0,150.0,8,비활성
P-0278,휘 KF94 황사방역마스크,기타,,150.0,150.0,8,비활성
P-0279,보쉬 SDS드릴 7X @14*150*215(+),드릴/비트,14*150*215(+),10077.0,11400.0,8,비활성
P-0280,"페어드 절단석 @ 7""",절단석,"7""",2700.0,2700.0,8,비활성
P-0281,"레즈본 R&B절단석 @ 5""",절단석,"5""",500.0,550.0,8,비활성
P-0282,와이엠 KF94 마스크,기타,,180.0,200.0,8,비활성
P-0283,3M테이프 양면 #5068 @ 25MM*3M,테이프,25MM*3M,1870.0,2075.0,8,비활성
P-0284,3M테이프 양면 #5068 @ 12MM*3M,테이프,12MM*3M,1000.0,1000.0,8,비활성
P-0285,장갑 렉스톨 @ M,안전용품,M,0.0,0.0,8,활성
P-0286,노튼 익스퍼트 플랩디스크 @ #80,연마재,#80,750.0,700.0,8,비활성
P-0287,바른마스크 덴탈/개별 @ 30EA,기타,30EA,6000.0,6000.0,8,비활성
P-0288,"제일 연마석 망사 O/S @ 4""*2T",연마재,"4""*2T",550.0,420.0,8,비활성
P-0289,"제일 절단석 PS-GOLD @ 14"" ②",절단석,"14"" ②",3200.0,3200.0,8,비활성
P-0290,애니가드 마스크(2급)*VC202V 밸브유,기타,VC202V 밸브유,300.0,600.0,8,비활성
P-0291,디월트 배터리 18V 5.0AH @ DCB184,기타,DCB184,98000.0,0.0,7,비활성
P-0292,디월트 콤보 SET @ DCK485M3,기타,DCK485M3,750000.0,0.0,7,비활성
P-0293,"대광연마@ 4""",연마재,"4""",600.0,600.0,7,비활성
P-0294,해맑은 일회용 마스크,기타,,20.0,30.0,7,비활성
P-0295,"페가텍 절단석 @ 4""",절단석,"4""",500.0,1200.0,7,비활성
P-0296,"자르고 절단석 @ 5""*16MM",절단석,"5""*16MM",700.0,800.0,7,비활성
P-0297,노튼 익스퍼트 플랩디스크 @ #60,연마재,#60,750.0,700.0,7,비활성
P-0298,"고속절단기 디월트 @ 14""",절단석,"14""",142000.0,125000.0,7,비활성
P-0299,"악티록스 백업패드 @ 5""",기타,"5""",2000.0,1500.0,7,활성
P-0300,GMG 장갑 소프트그립L2001 @ M,안전용품,M,1100.0,1100.0,7,비활성
P-0301,"3M 황금돌 #36 @ 4""*3T",기타,"4""*3T",2000.0,1500.0,7,활성
P-0302,"보쉬 충전그라GWS18V LI*18V5AH 4""",기타,"18V5AH 4""",305000.0,305000.0,7,비활성
P-0303,GMG 장갑 컴포트그립 L2002 @ L,안전용품,L,1450.0,1250.0,7,비활성
P-0304,"TU 플랩 DISC #60 @ 4""*16MM",연마재,"4""*16MM",1500.0,1300.0,7,활성
P-0305,애니가드 마스크(1급)*VC102V 밸브유,기타,VC102V 밸브유,400.0,700.0,7,비활성
P-0306,"컷쇼날 S-1122VF(목재,철재,알루미늄,유리",기타,,22000.0,14100.0,7,비활성
P-0307,3M 장갑 컴포트그립 AIR @ M,안전용품,M,1750.0,1500.0,7,비활성
P-0308,3M 장갑 컴포트-WT 오리지날1 @ XL,안전용품,XL,1500.0,2300.0,7,활성
P-0309,3M 낙진제거제 @ 38070,기타,38070,17500.0,13800.0,7,비활성
P-0310,"레즈본 연마석 #36 @ 4""*3T",연마재,"4""*3T",700.0,700.0,6,비활성
P-0311,3M 마스크 방진2급 @ 9914K,기타,9914K,2150.0,0.0,6,비활성
P-0312,GMG 장갑 에코그립 W2002 @ M,안전용품,M,1050.0,1600.0,6,비활성
P-0313,회전하는 모기채 SIK002 @ 건전지타입,기타,건전지타입,4500.0,4500.0,6,비활성
P-0314,"피셔절단석 4""*105*1.0*16 독일제",절단석,16 독일제,1200.0,900.0,6,비활성
P-0315,3M 보안경 40654PLUS,기타,,11000.0,13000.0,6,비활성
P-0316,3M 정화통 6001K,기타,,5800.0,6300.0,6,비활성
P-0317,조선선재 용접봉 @ 2.6∮,기타,2.6∮,3250.0,2800.0,6,비활성
P-0318,GMG 장갑 엔지니어그립 N2002 @ L,안전용품,L,1650.0,1650.0,6,비활성
P-0319,GMG 장갑 엔지니어그립 N2002 @ M,안전용품,M,1650.0,1650.0,6,비활성
P-0320,밀워키 충전임팩 M18FQID-502X@18V 5A FUEL,기타,18V 5A FUEL,0.0,373405.0,6,비활성
P-0321,레즈본 플랩디스크 #80,연마재,,800.0,650.0,6,비활성
P-0322,트러스트 스피드 디스크컷 @ #80,연마재,#80,800.0,560.0,6,활성
P-0323,디펜코 블랙 덴탈마스크,기타,,70.0,70.0,6,비활성
P-0324,레벨기 ADL-440 @ 4V4H(전자식),기타,4V4H(전자식),260000.0,260000.0,6,비활성
P-0325,컷쇼날 S-1222VF(목재 철재 알루미늄겸용),기타,,22500.0,3800.0,6,비활성
P-0326,"5""안전커버",안전용품,,1500.0,2000.0,6,비활성
P-0327,위머스트 KF94마스크,기타,,100.0,150.0,6,비활성
P-0328,"씽씽 절단석 @ 5""",절단석,"5""",520.0,750.0,6,비활성
P-0329,아임삭 충전그라인더 @ BL22G806,공구,BL22G806,225000.0,330000.0,6,비활성
P-0330,크라우드 폼건(오토락)KR-A1,기타,,11300.0,14000.0,6,비활성
P-0331,크라우드 폼건(오토락)KR-A2,기타,,10000.0,12000.0,6,비활성
P-0332,3M 필터 6006,기타,,9500.0,10000.0,6,비활성
P-0333,보쉬 SDS드릴 7X @17*150*215(+),드릴/비트,17*150*215(+),22000.0,21300.0,6,비활성
P-0334,3M 장갑 컴포트그립(GREEN) @ S,안전용품,S,1750.0,1600.0,6,비활성
P-0335,3M 전기테이프 #1711,테이프,,480.0,480.0,6,비활성
P-0336,3M 마스크 방진2급 @ 8710G,기타,8710G,580.0,0.0,6,비활성
P-0337,애니가드 마스크(2급)*VC201G,기타,VC201G,300.0,450.0,6,비활성
P-0338,"TU 플랩 DISC #40 @ 4""*16MM",연마재,"4""*16MM",1500.0,1300.0,6,비활성
P-0339,"알파연마디스크샌더빼빠@5""-8H#120",연마재,"5""-8H#120",130.0,130.0,6,활성
P-0340,"나까야 절단석 @ 5""",절단석,"5""",500.0,1000.0,6,비활성
P-0341,3M 마스크 방진2급 @ 8812K,기타,8812K,0.0,500.0,6,비활성
P-0342,3M 마스크 방진2급 @ 9913K,기타,9913K,1700.0,1700.0,6,비활성
P-0343,"3M 절단석 72653 @ 4""",절단석,"4""",440.0,450.0,6,비활성
P-0344,디월트 임팩드라이버 @ DCF887NT,기타,DCF887NT,0.0,334000.0,6,비활성
P-0345,"이화 콘크리트 컷팅날 @ 20""",절단석,"20""",219000.0,219000.0,6,비활성
P-0346,"이화 물날(터보날)TB1 @ 5""",기타,"5""",13970.0,13700.0,6,비활성
P-0347,"이화 컵휠(S/평컵플러스) @4""*15MM",기타,"4""*15MM",24500.0,23400.0,6,비활성
P-0348,보호면 오토스 칼라 @ #5,기타,#5,8500.0,8000.0,6,비활성
P-0349,보호면 오토스 칼라 @ #7,기타,#7,8000.0,8500.0,6,비활성
P-0350,보호면 오토스 투명 @ S,기타,S,7000.0,7000.0,6,비활성
P-0351,아카시 레벨기 @ 수광기부품,기타,수광기부품,60000.0,55000.0,6,비활성
P-0352,SOLO 헤드랜턴 충전 @ SL-140C(줌),기타,SL-140C(줌),13000.0,11000.0,6,비활성
P-0353,"DCK 그라인더 KSM03-100A @ 4""",공구,"4""",15000.0,19000.0,5,비활성
P-0354,GMG 장갑 워터타이트(완전방수)L2005 @ S,안전용품,S,1400.0,1700.0,5,비활성
P-0355,GMG 장갑 워터타이트(완전방수)L2005 @ XL,안전용품,XL,1900.0,1900.0,5,비활성
P-0356,"3D 절단석 @ 4""*16MM",절단석,"4""*16MM",2200.0,500.0,5,비활성
P-0357,"3M 절단석 02994 @ 4""",절단석,"4""",2200.0,2200.0,5,비활성
P-0358,"TU-PLUS 106704 @ 7""*22MM",기타,"7""*22MM",2100.0,2500.0,5,비활성
P-0359,"3M 절단석 04116 @ 4""",절단석,"4""",950.0,950.0,5,비활성
P-0360,"3M 황금돌 #60 @ 4""*2.5T",기타,"4""*2.5T",1450.0,1600.0,5,비활성
P-0361,"3M 절단석 65137(큐) @ 4""*9.5mm",절단석,"4""*9.5mm",2200.0,2200.0,5,비활성
P-0362,"계양 디스크 그라인더DG-230FB @ 9""",연마재,"9""",210000.0,198000.0,5,비활성
P-0363,"알파연마디스크샌더빼빠@5""-8H#180",연마재,"5""-8H#180",130.0,130.0,5,비활성
P-0364,GMG 장갑 타격방지 TX5000 @ L,안전용품,L,10000.0,10000.0,5,비활성
P-0365,수당[동아상사,기타,,,0.0,5,비활성
P-0366,빠우(코팅),기타,,1800.0,2000.0,5,비활성
P-0367,터보 프리미엄절단석 @5인치,절단석,5인치,500.0,500.0,5,활성
P-0368,다존 블랙 KF94 마스크,기타,,150.0,109.0,5,비활성
P-0369,디월트 충전햄머드릴 @ DCD996P2,드릴/비트,DCD996P2,0.0,412000.0,5,비활성
P-0370,GMG 장갑 타격방지 TX5000 @ M,안전용품,M,10000.0,10000.0,5,비활성
P-0371,다몬건식코아(세트) @ ∮125,기타,∮125,36900.0,42400.0,5,비활성
P-0372,밀워키충전그라인더 M18 CAG125XPDB-602X,공구,,0.0,415000.0,5,비활성
P-0373,"에이스 절단석 @ 16""",절단석,"16""",3000.0,0.0,5,비활성
P-0374,유한 크린가드 43050/A40/흰 @ 특대,기타,특대,6500.0,5958.0,5,비활성
P-0375,용접봉 골든브릿지 솔리드 @ 1.2mm,기타,1.2mm,1300.0,1500.0,5,비활성
P-0376,운반비,기타,,6000.0,5000.0,5,비활성
P-0377,3M 보안경 SF301SGAF,기타,,4600.0,4300.0,5,비활성
P-0378,3M 쿨토시(PS2000) #라이트그레이,기타,,3000.0,2450.0,5,비활성
P-0379,"자르고 절단석 @ 4""*16MM",절단석,"4""*16MM",500.0,700.0,5,비활성
P-0380,GMG 장갑 에어그립 KR-L2001A @ S,안전용품,S,1400.0,0.0,5,비활성
P-0381,"알파연마디스크샌더빼빠@5""-8H#80",연마재,"5""-8H#80",130.0,130.0,5,비활성
P-0382,디월트 배터리 20V 5.0AH @ DCB205,기타,DCB205,95000.0,95000.0,5,비활성
P-0383,회전하는 모기채 SIK003 @ 충전식,기타,충전식,5500.0,5500.0,5,비활성
P-0384,"3M DISC 플랩 769F #40 @ 4""",연마재,"4""",1700.0,1700.0,5,비활성
P-0385,"레즈본 연마석 #80 @ 4""*3T",연마재,"4""*3T",800.0,650.0,5,비활성
P-0386,"3M 그라인더 커버 ES @ 5""",공구,"5""",0.0,500.0,5,비활성
P-0387,3M 6006K 정화통 @ 복합가스,기타,복합가스,11000.0,10000.0,4,비활성
P-0388,"3M 리지드 그라인딩디스크@ 7""*8T",연마재,"7""*8T",1400.0,1600.0,4,비활성
P-0389,디월트 충전기,기타,,30000.0,30000.0,4,비활성
P-0390,디월트 충전예초기 @ DCM5713X2,기타,DCM5713X2,549000.0,0.0,4,비활성
P-0391,디월트 앵글그라인더 @ DWE8110S,공구,DWE8110S,58000.0,0.0,4,비활성
P-0392,디월트 오비탈 샌더 @ DWE6423,기타,DWE6423,83000.0,85000.0,4,비활성
P-0393,디월트 충전그라인더 @ DCG414T2,공구,DCG414T2,437000.0,450000.0,4,비활성
P-0394,3M 쿨토시(PS2000) #SEABLUE,기타,,3000.0,3000.0,4,비활성
P-0395,3M 정화통 6002K,기타,,9000.0,8800.0,4,비활성
P-0396,수당[동산철물,기타,,,0.0,4,비활성
P-0397,3M 보안경 SF301AF,기타,,3000.0,3000.0,4,비활성
P-0398,3M 보안경 버추아(78283) @ CLEAR,기타,CLEAR,2000.0,0.0,4,비활성
P-0399,3M 방진복 마이크로가드 1500,기타,,4800.0,4700.0,4,비활성
P-0400,"이화 마른날 M4RS @ 8"" *3.1T *22mm",기타,"8"" *3.1T *22mm",52000.0,48620.0,4,비활성
P-0401,"알파연마디스크샌더빼빠@5""-8H#60",연마재,"5""-8H#60",130.0,130.0,4,비활성
P-0402,"알파연마디스크샌더빼빠@5""-8H#220",연마재,"5""-8H#220",100.0,130.0,4,비활성
P-0403,"이화 콘크리트 컷팅날(마른) @ 5""",절단석,"5""",15680.0,0.0,4,비활성
P-0404,"이화 타일 컷팅날(TB6W) @ 4""",절단석,"4""",4850.0,0.0,4,비활성
P-0405,유한 크린가드 43402/A40/노랑 @ 특대,기타,특대,6300.0,6300.0,4,비활성
P-0406,유한 크린가드 KF-AD 마스크 @ 대,기타,대,0.0,650.0,4,비활성
P-0407,"연마석 삼양 @ 7""",연마재,"7""",1450.0,1450.0,4,비활성
P-0408,"알파연마디스크샌더빼빠@5""-8H#320",연마재,"5""-8H#320",130.0,130.0,4,비활성
P-0409,아카시 줄자 @ 7.5M*25MM,기타,7.5M*25MM,4000.0,0.0,4,비활성
P-0410,TWO COMP 472 줄자 @ 5M*19MM,기타,5M*19MM,0.0,0.0,4,비활성
P-0411,"MCC볼트커터@18""/450mm BC18",기타,"18""/450mm BC18",41000.0,41000.0,4,비활성
P-0412,장갑 스마트그립200 @ L,안전용품,L,1200.0,1200.0,4,비활성
P-0413,장갑 스마트그립200 @ M,안전용품,M,1200.0,1200.0,4,비활성
P-0414,GMG 장갑 소프트그립L2001 @ S,안전용품,S,1500.0,1100.0,4,비활성
P-0415,"DNK 플랩(C/Z) #60 @ 4""",기타,"4""",750.0,0.0,4,비활성
P-0416,"에이스 플랩 골드 #80 @ 4""",기타,"4""",650.0,650.0,4,비활성
P-0417,"에이스 플랩 골드 #80 @ 7""",기타,"7""",3000.0,3000.0,4,비활성
P-0418,마스크 50EA/국산 @ 엑스텐데이즈,기타,엑스텐데이즈,240.0,420.0,4,비활성
P-0419,"스틸포스 금속용톱날 @10"" (TH-SC255SB)",기타,"10"" (TH-SC255SB)",60000.0,60000.0,4,활성
P-0420,"제일 절단석 PS-GOLD@4""*1.2mm*15.8mm",절단석,"4""*1.2mm*15.8mm",1100.0,1200.0,4,비활성
P-0421,"제일 연마석 흑돌 @ 4""*3T",연마재,"4""*3T",450.0,480.0,4,비활성
P-0422,"ARM볼트커터 HA-350@14""*350MM",기타,"14""*350MM",20300.0,20300.0,4,비활성
P-0423,3M테이프 양면 #5068 @ 600MM*3M,테이프,600MM*3M,0.0,0.0,4,비활성
P-0424,3M테이프 양면 #5069 @ 50MM*3M,테이프,50MM*3M,3750.0,0.0,4,비활성
P-0425,"에이스 플랩 골드 #60 @ 4""",기타,"4""",0.0,0.0,4,비활성
P-0426,고려용접봉 스텐용@ KST-308 -2.0MM,기타,KST-308 -2.0MM,9000.0,9000.0,4,비활성
P-0427,고려용접봉 스텐용@ KST-308 -2.6MM,기타,KST-308 -2.6MM,8500.0,8500.0,4,비활성
P-0428,순수한 새부리형 KF94마스크,기타,,200.0,200.0,4,비활성
P-0429,순수한 새부리형 블랙 KF94마스크,기타,,200.0,200.0,4,비활성
P-0430,수당[충남철물,기타,,,0.0,4,비활성
P-0431,애니가드 마스크 1급 @ VC102V,기타,VC102V,1300.0,1300.0,4,비활성
P-0432,"TU 절단석 S 105501 @ 5""*16MM",절단석,"5""*16MM",1800.0,1800.0,4,비활성
P-0433,"TU 세라믹화이버디스크 @ 4""",연마재,"4""",700.0,1000.0,4,비활성
P-0434,"M3 2 절단석 @ 14""",절단석,"14""",2300.0,2300.0,4,비활성
P-0435,"MCC볼트커터@14""/350mm BC14",기타,"14""/350mm BC14",32000.0,32000.0,4,비활성
P-0436,"3M 절단석 65139(큐비트론) @ 5""",절단석,"5""",3700.0,3700.0,4,비활성
P-0437,컷쇼날 S-1125VF(금속용),기타,,16000.0,16333.0,4,비활성
P-0438,컷쇼날 S-1022EHM(특수용/스텐),기타,,25000.0,25300.0,4,비활성
P-0439,컷쇼날 S-1120CF(금속용),기타,,22879.0,22879.0,4,비활성
P-0440,"창조 절단석 @ 4""",절단석,"4""",0.0,700.0,4,비활성
P-0441,3M 컬러그립 오렌지 M,기타,,1420.0,1550.0,4,비활성
P-0442,디월트 컴포넌트 부품함 @ DWST14830,기타,DWST14830,18000.0,18500.0,4,비활성
P-0443,로디우스 9인치절단석 @ 230*1.9*22.23,절단석,230*1.9*22.23,3800.0,3700.0,4,비활성
P-0444,"3M 옵셋 #24(리지드 A-100) @ 4""",기타,"4""",600.0,800.0,4,비활성
P-0445,"3M 옵셋 #30(보급형 6T) @ 4""",기타,"4""",600.0,0.0,4,비활성
P-0446,태양파워(+) 육각함마드릴비트@14.3*280mm,드릴/비트,14.3*280mm,11300.0,11300.0,4,비활성
P-0447,태양파워(+)육각함마드릴비트@17.5*280mm,드릴/비트,17.5*280mm,13000.0,13000.0,4,비활성
P-0448,택배비[예림,기타,,5500.0,5000.0,4,비활성
P-0449,다몬건식코아(세트) @ ∮90(88),기타,∮90(88),36000.0,36000.0,4,비활성
P-0450,"레즈본 연마석 청평 #40 @ 4""",연마재,"4""",800.0,600.0,4,비활성
P-0451,보쉬 컷쇼날 S-1130CF@225*22*1.6,기타,225*22*1.6,31000.0,31000.0,4,비활성
P-0452,보쉬 SDS드릴 S4L(1)@14*150*215,드릴/비트,14*150*215,9547.0,9800.0,4,비활성
P-0453,보쉬 SDS드릴 S4L(1)@17*150*215,드릴/비트,17*150*215,10000.0,10200.0,4,비활성
P-0454,"티롤릿 절단석 블루 @ 5""내경22MM",절단석,"5""내경22MM",0.0,1600.0,4,비활성
P-0455,3M 3303K-100 Car tridge,기타,,5000.0,5000.0,4,비활성
P-0456,디월트 비트/티타늄 @ DT50050-KR,드릴/비트,DT50050-KR,41000.0,41000.0,4,비활성
P-0457,디월트 LCD 열풍기 @ D26414,기타,D26414,77000.0,79000.0,4,비활성
P-0458,디월트 각도절단기 @ DCS727T2,절단석,DCS727T2,1040000.0,0.0,4,비활성
P-0459,디월트 레벨기 레드 @ DW089K-KR,기타,DW089K-KR,210000.0,0.0,4,비활성
P-0460,"에이스 플랩 #80 @ 4""",기타,"4""",800.0,0.0,4,비활성
P-0461,"에이스 플랩 골드 #40 @ 4""",기타,"4""",900.0,900.0,4,비활성
P-0462,"이화 컵휠(S/평컵플러스)K52#7 @ 7""*22mm",기타,"7""*22mm",68000.0,60000.0,4,비활성
P-0463,"이화 콘크리트 컷팅날 @ 14""",절단석,"14""",110000.0,100000.0,4,비활성
P-0464,"에이스 플랩 #60 @ 4""",기타,"4""",800.0,800.0,4,비활성
P-0465,디월트 로타리 햄머 @ DCH133P2,기타,DCH133P2,390000.0,0.0,3,비활성
P-0466,희망가득 21호,기타,,16000.0,0.0,3,비활성
P-0467,디월트 충전햄머드릴 @ DCH333X2,드릴/비트,DCH333X2,760000.0,0.0,3,비활성
P-0468,레즈본 플랩디스크 #120,연마재,,900.0,900.0,3,비활성
P-0469,레즈본 플랩디스크 #40,연마재,,600.0,0.0,3,비활성
P-0470,"다잘라컷팅날 @ 7""",절단석,"7""",20000.0,17500.0,3,비활성
P-0471,다몬건식코아(세트) @ ∮65,기타,∮65,24000.0,34000.0,3,비활성
P-0472,디월트 햄머드릴(베어툴) @ DCH283NT,드릴/비트,DCH283NT,390000.0,390000.0,3,비활성
P-0473,3M 마스크 방진1급/P2 @ 8922C,기타,8922C,2600.0,3000.0,3,비활성
P-0474,3M 마스크 황사 KF94 @ 9013,기타,9013,0.0,1300.0,3,비활성
P-0475,수당[금남상사,기타,,,0.0,3,비활성
P-0476,"블랙불 절단석@ 골드 4""",절단석,"골드 4""",350.0,400.0,3,비활성
P-0477,블랙블 양모디스크@ 4인치 PW100,연마재,4인치 PW100,1800.0,2000.0,3,비활성
P-0478,다몬 건식코아 튜브 @ ∮158,기타,∮158,14900.0,14900.0,3,비활성
P-0479,다몬 건식코아 비트 @ ∮65,드릴/비트,∮65,13900.0,13900.0,3,비활성
P-0480,3M 컬러그립 오렌지 L,기타,,1420.0,1550.0,3,비활성
P-0481,"3M 절단석 51778(실버) @ 4""",절단석,"4""",1000.0,1200.0,3,비활성
P-0482,컷쇼날 S-1130CF(특수용),기타,,,0.0,3,비활성
P-0483,다몬 건식코아 헤드 @ ∮65,기타,∮65,3200.0,3200.0,3,비활성
P-0484,다몬 건식코아 헤드 @ ∮90(88),기타,∮90(88),5200.0,5200.0,3,비활성
P-0485,KF94황사 마스크,기타,,150.0,0.0,3,비활성
P-0486,슈퍼 라쳇렌치RN-1924@19*24MM,기타,19*24MM,24230.0,24230.0,3,비활성
P-0487,수당[신광철물,기타,,,0.0,3,비활성
P-0488,수당[삼선,기타,,,0.0,3,비활성
P-0489,수당[부용산건재,기타,,,0.0,3,비활성
P-0490,컷쇼날 S922BF(철재용),기타,,11500.0,11500.0,3,비활성
P-0491,"카이마 파워휠페파 @ 4""#60 4""*16",기타,"4""#60 4""*16",600.0,700.0,3,비활성
P-0492,그린웍스 전기톱 CSA802/220V*1600W*5.2kg,기타,5.2kg,90000.0,90000.0,3,비활성
P-0493,계양 그라인더 @ DG-750,공구,DG-750,0.0,35000.0,3,비활성
P-0494,계양 함마드릴 PHD-38,드릴/비트,,356649.0,335000.0,3,비활성
P-0495,GMG 장갑 컷팅세이프티 T2000 @ L,절단석,L,3500.0,3500.0,3,비활성
P-0496,GMG 장갑 컷팅세이프티 T2000 @ M,절단석,M,3500.0,3500.0,3,비활성
P-0497,GMG 장갑 웜그립L2005W @ M,안전용품,M,3300.0,3300.0,3,비활성
P-0498,GMG 장갑 컴포트그립 L2002 @ M,안전용품,M,1450.0,0.0,3,비활성
P-0499,"씽씽 절단석 @ 4""",절단석,"4""",500.0,500.0,3,비활성
P-0500,스틸포스 플라즈마커팅기용 노즐팁,기타,,1650.0,2000.0,3,비활성
P-0501,"스틸포스 절단석 @ 5""",절단석,"5""",700.0,700.0,3,비활성
P-0502,노튼 블루파이어 플랩디스크 @ #80,연마재,#80,900.0,0.0,3,비활성
P-0503,"그라인더 원터치 마술만조  @ 4""",공구,"4""",0.0,6500.0,3,비활성
P-0504,SOLO 헤드랜턴 센서 @ SL-120S,기타,SL-120S,4300.0,0.0,3,비활성
P-0505,R203 #80 @ 10MM*330MM,기타,10MM*330MM,240.0,0.0,3,비활성
P-0506,MKK키레스척DKC-10,기타,,29016.0,0.0,3,비활성
P-0507,"알파연마디스크샌더빼빠@5""-8H#400",연마재,"5""-8H#400",100.0,130.0,3,비활성
P-0508,아카시 줄자 @ 5.5M*25MM,기타,5.5M*25MM,3000.0,0.0,3,비활성
P-0509,"계양 고속절단기 HC355 @ 14""",절단석,"14""",122265.0,0.0,3,비활성
P-0510,[업체등록,기타,,0.0,0.0,3,비활성
P-0511,"이화 콘크리트 마른날(베트남) @ 5""",기타,"5""",17700.0,17700.0,3,비활성
P-0512,"알파연마디스크샌더빼빠@5""-8H#600",연마재,"5""-8H#600",100.0,130.0,3,비활성
P-0513,"DCK 그라인더 KSM13-100 @ 4""",공구,"4""",15000.0,15000.0,3,비활성
P-0514,EMK 연마석 @ 5인치,연마재,5인치,800.0,800.0,3,비활성
P-0515,이화컵휠(S/평컵플러스) @ 4인치,기타,4인치,25000.0,23000.0,3,비활성
P-0516,"절단석 L 3D @ 4""*16MM",절단석,"4""*16MM",0.0,0.0,3,비활성
P-0517,GMG 장갑 CUT-5절단방지 T2000 @ M,절단석,M,3400.0,0.0,3,비활성
P-0518,다몬 건식코아 헤드 @ ∮158,기타,∮158,8700.0,0.0,3,비활성
P-0519,다몬 건식코아 튜브 @ ∮65,기타,∮65,3700.0,3700.0,3,비활성
P-0520,다몬 건식코아 튜브 @ ∮90(88),기타,∮90(88),7900.0,7900.0,3,비활성
P-0521,"3M절단석 SILVER/53070 @4""*1T*16MM",절단석,"4""*1T*16MM",1200.0,1200.0,3,비활성
P-0522,제나 먼지커버 @ 드릴콘 HL-101,드릴/비트,드릴콘 HL-101,20000.0,0.0,3,비활성
P-0523,"제우스 절단석 @ 4""",절단석,"4""",400.0,400.0,3,비활성
P-0524,"TU 연마석 @ 4""*6T",연마재,"4""*6T",1000.0,600.0,3,비활성
P-0525,"제일 절단석 PS-GOLD @5""",절단석,"5""",2000.0,2000.0,3,비활성
P-0526,"TU 절단석 S 104402 @ 4""*16MM",절단석,"4""*16MM",1300.0,1300.0,3,비활성
P-0527,"3M 옵셋 (보급형 WA) @ 7""",기타,"7""",1800.0,1800.0,3,비활성
P-0528,디월트충전드릴 DCF620D2K 18V 2AH,드릴/비트,,399000.0,400000.0,3,비활성
P-0529,레벨기 ADL-8102 @ 4V4H(전자식),기타,4V4H(전자식),220000.0,260000.0,3,비활성
P-0530,디월트 충전임팩렌치 @ DCF880M2,기타,DCF880M2,336000.0,0.0,3,비활성
P-0531,토치 예열 포세이돈 @ KGT-150,기타,KGT-150,7000.0,7000.0,3,비활성
P-0532,3M MRO 스프레이 #99 @,기타,,5600.0,6000.0,3,비활성
P-0533,"이화 마른날 HCG @ 5"" *2.0T*22.23mm",기타,"5"" *2.0T*22.23mm",18000.0,18000.0,3,비활성
P-0534,"이화 마른날 M5S @ 7"" *2.4T*22mm",기타,"7"" *2.4T*22mm",32000.0,31650.0,3,비활성
P-0535,유한킴벌리 마스크 2급 @ M10(접이식),기타,M10(접이식),950.0,0.0,3,비활성
P-0536,디월트 충전식 전기 체인톱DCM575*2,기타,2,575000.0,557000.0,3,비활성
P-0537,디월트 전동드라이버 @ DCF680G2,기타,DCF680G2,100000.0,0.0,3,비활성
P-0538,"3M DISC 베벨 BL #120 @ 4""",연마재,"4""",6500.0,0.0,3,비활성
P-0539,디월트 DCF894P2 미드토크 임팩렌치,기타,,393000.0,405000.0,3,비활성
P-0540,디월트 거리측정기 @ DW065E(20M),기타,DW065E(20M),52000.0,0.0,3,비활성
P-0541,3M 마스크 방진1급 @ 9322,기타,9322,1700.0,0.0,3,비활성
P-0542,보쉬 충전임팩드라이버+렌치GDX18V-200C@1H,기타,1H,250000.0,0.0,3,활성
P-0543,보쉬 SDS드릴 S4L(-)@22*200*250,드릴/비트,22*200*250,,22000.0,3,비활성
P-0544,다몬 건식코아 비트 @ ∮80,드릴/비트,∮80,17100.0,17100.0,3,비활성
P-0545,다몬 건식코아 비트 @ ∮90(88),드릴/비트,∮90(88),18200.0,18200.0,3,비활성
P-0546,다몬 건식코아 비트 @ ∮158,드릴/비트,∮158,23500.0,23500.0,3,비활성
P-0547,SOLO 기어렌치 SGP-30 @ 30mm,기타,30mm,12000.0,9800.0,2,비활성
P-0548,SOLO 기어렌치 SGP-27 @ 27mm,기타,27mm,9800.0,12000.0,2,비활성
P-0549,SOLO 기어렌치 SGP-24 @ 24mm,기타,24mm,8100.0,8100.0,2,비활성
P-0550,SOKKIA오토레벨 B-40A@24배다리별도,기타,24배다리별도,225000.0,225000.0,2,비활성
P-0551,SF3701AS OTG보안경,기타,,8300.0,8300.0,2,비활성
P-0552,"TU 절단석 AZ 6503 @ 5""*1.3T",절단석,"5""*1.3T",0.0,0.0,2,비활성
P-0553,TOOL-전동(4CG-2),기타,,26000.0,0.0,2,비활성
P-0554,에이스 KF94마스크,기타,,125.0,130.0,2,비활성
P-0555,"TU 절단석 S 103402 @ 4""*9.8MM",절단석,"4""*9.8MM",1100.0,0.0,2,비활성
P-0556,"에이스 플랩 #40 @ 4""",기타,"4""",0.0,0.0,2,비활성
P-0557,"에이스 절단석 @ 9""",절단석,"9""",2600.0,0.0,2,비활성
P-0558,수당[대양합판목재,기타,,,0.0,2,비활성
P-0559,"에이스 옵셋 WA @ 4""*6T",기타,"4""*6T",560.0,660.0,2,비활성
P-0560,오아시스절단석 @ 7인치,절단석,7인치,1000.0,1000.0,2,활성
P-0561,오아시스절단석 @ 5인치,절단석,5인치,380.0,0.0,2,활성
P-0562,[절단석외,절단석,,3000000.0,0.0,2,비활성
P-0563,"악티록스 디스크 AF799 #36 4""*16MM50장곽",연마재,16MM50장곽,0.0,0.0,2,활성
P-0564,"알파연마디스크샌더빼빠 @ 4""-#120",연마재,"4""-#120",100.0,100.0,2,비활성
P-0565,"악티록스디스크@5""*#36",연마재,"5""*#36",22000.0,25000.0,2,활성
P-0566,TAJIMA 컷터칼날 LCB-65 (1통=10ea) 25mm),기타,,7500.0,7500.0,2,비활성
P-0567,"알파연마디스크샌더빼빠 @ 4""-#80",연마재,"4""-#80",100.0,100.0,2,비활성
P-0568,"알파연마디스크샌더빼빠 @ 4""-#600",연마재,"4""-#600",100.0,100.0,2,비활성
P-0569,"알파연마디스크샌더빼빠 @ 4""-#60",연마재,"4""-#60",100.0,100.0,2,비활성
P-0570,"알파연마디스크샌더빼빠 @ 4""-#400",연마재,"4""-#400",100.0,100.0,2,비활성
P-0571,"에이스 옵셑 @ 5""*3t",기타,"5""*3t",1250.0,1250.0,2,활성
P-0572,LED등,기타,,0.0,9000.0,2,비활성
P-0573,"J ONE 프리미엄 절단석 @5""",절단석,"5""",1000.0,1000.0,2,비활성
P-0574,"이화 타일 컷팅날 @ 8""",절단석,"8""",18931.0,20000.0,2,비활성
P-0575,"이화 타일 컷팅날 @ 7""",절단석,"7""",17677.0,18500.0,2,비활성
P-0576,"이화 콘크리트 컷팅날(마른) @ 9""*2.7",절단석,"9""*2.7",61000.0,61000.0,2,비활성
P-0577,"이화 콘크리트 컷팅날(마른) @ 10""*2.7",절단석,"10""*2.7",54630.0,65000.0,2,비활성
P-0578,"이화 컵휠(S/평컵플러스)K52# @ 7""*22mm",기타,"7""*22mm",60000.0,60000.0,2,비활성
P-0579,"이화 마른날 @8""*3.1T*22mm M4RS",기타,"8""*3.1T*22mm M4RS",49000.0,0.0,2,비활성
P-0580,"이화 마른날 @ 9"" *2.7t",기타,"9"" *2.7t",48790.0,0.0,2,비활성
P-0581,"DAIWA팁쇼(목공용) @ 6.5"" *20*48T",기타,"6.5"" *20*48T",17200.0,17200.0,2,비활성
P-0582,DAIWA 손타카 H13(13mm) DT-3,기타,,18500.0,18500.0,2,비활성
P-0583,DAIMON키레스척세트(원터치/비트타입) DOK0,드릴/비트,,14000.0,14000.0,2,비활성
P-0584,SOLO 기어렌치 SGP-32 @ 32mm,기타,32mm,13000.0,0.0,2,비활성
P-0585,"원형톱 MAKITA 5740NB @ 7""",기타,"7""",110000.0,0.0,2,비활성
P-0586,원형톱 MAKITA (충전/5.0Ah) @ DSS611RTE,기타,DSS611RTE,337397.0,0.0,2,비활성
P-0587,워킹메타 WML-10K,기타,,49178.0,54000.0,2,비활성
P-0588,운임비,기타,,1489170.0,0.0,2,비활성
P-0589,용접봉 골든브릿지 솔리드 @ 1.0mm,기타,1.0mm,1000.0,0.0,2,비활성
P-0590,MORSE 롱홀쏘(바이메탈)MHS 1-7/8 @ 48mm,기타,48mm,8000.0,8000.0,2,비활성
P-0591,MORSE 롱홀쏘(바이메탈)MHS 1-1/4 @32mm,기타,32mm,6300.0,6300.0,2,비활성
P-0592,MORSE 롱홀쏘(바이메탈)MHS 1-1/2 @ 38mm,기타,38mm,6500.0,6500.0,2,비활성
P-0593,유한 크린가드 청정마스크 50P @ 44272,기타,44272,10000.0,0.0,2,비활성
P-0594,"SANDING SPONGE 2604 FIN @ 4-1/2""*5-1/2""",기타,"4-1/2""*5-1/2""",1300.0,1300.0,2,비활성
P-0595,"SANDING SPONGE 2601 UFN @ 4-1/2""*5-1/2""",기타,"4-1/2""*5-1/2""",1300.0,0.0,2,비활성
P-0596,SOLO 콤비네이션렌치 CW-50 @ 50mm,기타,50mm,21950.0,21950.0,2,비활성
P-0597,이화 타일날TB1@5*1.6T*15mm,기타,5*1.6T*15mm,14402.0,15500.0,2,비활성
P-0598,숨쉬GO KF94 마스크 @ 대,기타,대,740.0,850.0,2,비활성
P-0599,스탠레스 줄자 @ 3M*13MM,기타,3M*13MM,0.0,0.0,2,비활성
P-0600,스타렉슨오토스트랩@38mm*4M,기타,38mm*4M,25000.0,25000.0,2,비활성
P-0601,스타렉슨오토스트랩@25mm*4M,기타,25mm*4M,14800.0,14800.0,2,비활성
P-0602,스타렉슨오토스트랩@18mm*2M,기타,18mm*2M,13500.0,13500.0,2,비활성
P-0603,슈퍼윈터,기타,,0.0,2400.0,2,비활성
P-0604,슈퍼 라쳇렌치RN-2430@24*30MM,기타,24*30MM,32900.0,15674.0,2,비활성
P-0605,스틸포스 4인치 속도조절 그라인더TH-100G,공구,,55000.0,0.0,2,비활성
P-0606,"스틸 절단석 주철관용 @ 14""",절단석,"14""",26000.0,26000.0,2,비활성
P-0607,고려용접봉 스텐용@ KST-308 -3.2MM,기타,KST-308 -3.2MM,8200.0,0.0,2,비활성
P-0608,수당[효성종합건재,기타,,,0.0,2,비활성
P-0609,"알파연마디스크샌더빼빠 @ 4""-#320",연마재,"4""-#320",100.0,100.0,2,비활성
P-0610,수당지급[신광철물,기타,,,0.0,2,비활성
P-0611,수당[영진철물,기타,,,0.0,2,비활성
P-0612,수당[이가철물,기타,,,0.0,2,비활성
P-0613,수당[대흥농기구,기타,,,0.0,2,비활성
P-0614,수당[도영상사,기타,,,0.0,2,비활성
P-0615,수당[삼성종합상사,기타,,,0.0,2,비활성
P-0616,수당[산동건철산업,기타,,,0.0,2,비활성
P-0617,수당[대명종합건재,기타,,,0.0,2,비활성
P-0618,수당[대경산업,기타,,,0.0,2,비활성
P-0619,다갈아,기타,,0.0,0.0,2,비활성
P-0620,노튼 익스퍼트 플랩디스크 @ #120,연마재,#120,750.0,550.0,2,비활성
P-0621,수당[대지철물,기타,,,0.0,2,비활성
P-0622,수당지급[대흥농기구,기타,,,0.0,2,비활성
P-0623,"알파연마디스크샌더빼빠 @ 4""-#220",연마재,"4""-#220",100.0,100.0,2,비활성
P-0624,"알파연마디스크샌더빼빠 @ 4""-#180",연마재,"4""-#180",100.0,100.0,2,비활성
P-0625,노튼 블루파이어 플랩디스크 @ #60,연마재,#60,900.0,0.0,2,비활성
P-0626,"나까야 절단석 @ 4""",절단석,"4""",1000.0,0.0,2,비활성
P-0627,그린카드 보호복후드(통기성)43204@회색 XL,기타,회색 XL,5200.0,5200.0,2,비활성
P-0628,신일제약 마스크 @ kf94,기타,kf94,0.0,2000.0,2,비활성
P-0629,스틸포스14인치 파이프용톱날,기타,,110000.0,0.0,2,비활성
P-0630,스틸포스 플라즈마커팅기용 오리피스,기타,,7200.0,7200.0,2,비활성
P-0631,스틸포스 플라즈마커팅기용 노즐캡,기타,,8000.0,0.0,2,비활성
P-0632,스틸포스 플라즈마커텅기용 전극,기타,,1300.0,1300.0,2,비활성
P-0633,"스틸포스 다이아 멀티날 @ 5""(TH-DW125)",기타,"5""(TH-DW125)",9000.0,9000.0,2,비활성
P-0634,"스틸포스 다이아 멀티날 @ 4""(TH-DW105)",기타,"4""(TH-DW105)",5500.0,5500.0,2,비활성
P-0635,슈퍼 라쳇렌치RN-1922@19*22MM,기타,19*22MM,24230.0,24230.0,2,비활성
P-0636,"아카시 연마석@ 4""*6t",연마재,"4""*6t",500.0,700.0,2,비활성
P-0637,아임삭 충천임팩렌치(브러쉬리스) BL18X705,기타,,220000.0,0.0,2,활성
P-0638,아임삭 충천임팩렌치(브러쉬리스) BL18Q605,기타,,262200.0,262200.0,2,비활성
P-0639,아임삭 충전드릴 AD-618R,드릴/비트,,190000.0,185218.0,2,비활성
P-0640,"신한 크랙보수용톱날 4""*10.5*15",기타,15,47000.0,47000.0,2,비활성
P-0641,ZINO목공드릴@12*6.35*120*185mm MD12,드릴/비트,12*6.35*120*185mm MD12,3100.0,3100.0,2,비활성
P-0642,ZINO목공드릴@10*6.35*120*185mm MD10,드릴/비트,10*6.35*120*185mm MD10,2700.0,2700.0,2,비활성
P-0643,ZINO 육각다가네@17*50*350,기타,17*50*350,4218.0,44300.0,2,비활성
P-0644,"VIP 플랩 #80 @ 4""",기타,"4""",0.0,0.0,2,비활성
P-0645,"VIP 플랩 #100 @ 4""",기타,"4""",0.0,0.0,2,비활성
P-0646,TWO COMP 472 줄자 @ 10M*30MM,기타,10M*30MM,0.0,0.0,2,비활성
P-0647,슈퍼 라쳇렌치RN-2427@24*27MM,기타,24*27MM,29500.0,29500.0,2,비활성
P-0648,"아카시 절단석 @ 14""",절단석,"14""",2300.0,0.0,2,비활성
P-0649,3M MRO 크리너(프 MS061Z) @ 420ML,기타,420ML,0.0,0.0,2,비활성
P-0650,티롤릿 융착 코아비트HEX @ 8mm,드릴/비트,8mm,5000.0,5000.0,2,비활성
P-0651,티롤릿 융착 코아비트HEX @ 6mm,드릴/비트,6mm,5000.0,5000.0,2,비활성
P-0652,티롤릿 융착 코아비트HEX @ 6.5mm,드릴/비트,6.5mm,5000.0,5000.0,2,비활성
P-0653,3M 넥가드(PN1000) #블루,기타,,8000.0,0.0,2,비활성
P-0654,"3M DISC 플랩 769F #80 @ 4""",연마재,"4""",0.0,0.0,2,비활성
P-0655,"티롤릿 플랩휠디스크 #80 @ 4""",연마재,"4""",1200.0,0.0,2,비활성
P-0656,"티롤릿 플랩휠디스크 #60 @ 4""",연마재,"4""",1200.0,0.0,2,비활성
P-0657,"티롤릿 플랩휠디스크 #40 @ 4""",연마재,"4""",1200.0,0.0,2,비활성
P-0658,"티롤릿 플랩휠디스크 #120 @ 4""",연마재,"4""",1200.0,0.0,2,비활성
P-0659,클린O2 KF94 마스크,기타,,130.0,0.0,2,비활성
P-0660,"M3 절단석 @ 7""",절단석,"7""",1200.0,0.0,2,비활성
P-0661,태양파워(+)육각함마드릴@25*280mm,드릴/비트,25*280mm,15481.0,0.0,2,비활성
P-0662,태양파워(+)육각함마@17.5*505mm,기타,17.5*505mm,16432.0,0.0,2,비활성
P-0663,태양파워 SDSPLUS드릴 네날@17*310,드릴/비트,17*310,18339.0,19300.0,2,비활성
P-0664,"클링스포 절단석 @ 7""",절단석,"7""",2500.0,3000.0,2,비활성
P-0665,"3M 옵셋 (리지드 8T) @ 4""",기타,"4""",0.0,0.0,2,비활성
P-0666,"3M 옵셋 #36(더블사이드 3T) @ 4""",기타,"4""",0.0,0.0,2,비활성
P-0667,3M 장갑 칼라그립 블루M,안전용품,,1420.0,1470.0,2,비활성
P-0668,3M 장갑 칼라그립 블루L,안전용품,,1420.0,1470.0,2,비활성
P-0669,3M 장갑 칼라그립 그린M,안전용품,,1420.0,1420.0,2,비활성
P-0670,3M 장갑 칼라그립 그린L,안전용품,,1420.0,1420.0,2,비활성
P-0671,3M 테이프 기밀 #4411D(GRAY @ 48MM*4M,테이프,48MM*4M,23400.0,25000.0,2,비활성
P-0672,3M 쿨토시(PS2000) #블랙,기타,,2450.0,0.0,2,비활성
P-0673,태양파워(+)육각함마드릴비트@25*280mm,드릴/비트,25*280mm,15322.0,16500.0,2,비활성
P-0674,디월트 무선 원형샌딩기 @DCW210N,기타,DCW210N,143000.0,0.0,2,비활성
P-0675,디월트 무선 만능컷팅기@20V DCS356N,절단석,20V DCS356N,184000.0,0.0,2,비활성
P-0676,디월트 멀티커서 베어툴 DCS356N,기타,,180000.0,190000.0,2,비활성
P-0677,"디월트 고속절단기 @ 14""",절단석,"14""",140000.0,0.0,2,비활성
P-0678,디월트 DCF880P2임팩렌치,기타,,364000.0,364000.0,2,비활성
P-0679,후레쉬(2800),기타,,15000.0,15000.0,2,비활성
P-0680,디월트충전드릴 DCD791P2,드릴/비트,,366000.0,36600.0,2,비활성
P-0681,디월트 햄머드릴 DCD996P2 18V 5AH,드릴/비트,,402000.0,440000.0,2,비활성
P-0682,디월트 충전임팩@DCF845P2T-KR(20V,기타,DCF845P2T-KR(20V,0.0,0.0,2,활성
P-0683,디월트 충전스크류건(매거진) @ DCF620D2K,기타,DCF620D2K,407000.0,407000.0,2,비활성
P-0684,디월트 충전기 @,기타,,50000.0,0.0,2,비활성
P-0685,"레즈본 R&B절단석 @ 4""",절단석,"4""",0.0,450.0,2,비활성
P-0686,3M 귀마개1260 Ear Plug,기타,,500.0,0.0,2,비활성
P-0687,"3M FLOOR PAD #5100(적색) @ 18""",기타,"18""",8500.0,0.0,2,비활성
P-0688,"대광연마 절단석(소프트타입) @ 5""",절단석,"5""",500.0,0.0,2,비활성
P-0689,"다잘라컷팅날 @ 22""",절단석,"22""",9700.0,9700.0,2,비활성
P-0690,다이아세븐-팁쇼 목공용(충전원형톱용) @6.,기타,6.,7900.0,7900.0,2,비활성
P-0691,다몬건식코아(세트) @ ∮75,기타,∮75,29400.0,0.0,2,비활성
P-0692,"3M FLOOR PAD #7200(흑색) @ 18""",기타,"18""",8500.0,0.0,2,비활성
P-0693,3M MRO 실리콘 루브리컨트 @ 255G,기타,255G,0.0,0.0,2,비활성
P-0694,3M MRO 스프레이 #99 @ 455ml,기타,455ml,5200.0,0.0,2,비활성
P-0695,3M 샌딩스폰지 2601 UFN @ 114*139,기타,114*139,1230.0,0.0,2,비활성
P-0696,3M 넥가드(PN1000) #다크그레이,기타,,8000.0,0.0,2,비활성
P-0697,3M 넥가드(PN1000) #그레이,기타,,8000.0,0.0,2,비활성
P-0698,3M 그라인더 7CG,공구,,99000.0,99000.0,2,비활성
P-0699,"레시본 연마석 4""*2t*16mm",연마재,16mm,0.0,1700.0,2,비활성
P-0700,제일 장갑 NBR SPAN @ M,안전용품,M,1600.0,0.0,2,비활성
P-0701,"제일 WA옵셑 7""*8T*22",기타,22,1850.0,0.0,2,비활성
P-0702,DAIMON 소켓아답타DWA-38@ BIT→3/8Dr,기타,BIT→3/8Dr,8151.0,8900.0,2,비활성
P-0703,DAIMON 소켓아답타DWA-12@ BIT→1/2/Dr,기타,BIT→1/2/Dr,8151.0,0.0,2,비활성
P-0704,제일 탁상용 연마석 GC80MV1 150*25*15,연마재,15,8000.0,0.0,2,비활성
P-0705,제일 탁상용 연마석 GC80MV1 125*13.5*12.5,연마재,12.5,6000.0,8000.0,2,비활성
P-0706,제일 탁상요 연마석 GC80MV 205*25*25.4,연마재,25.4,17000.0,17000.0,2,비활성
P-0707,"제일 절단석 WA @ 4""*2t",절단석,"4""*2t",650.0,650.0,2,비활성
P-0708,GMG 장갑 CUT-5절단방지 T2000 @ L,절단석,L,3400.0,0.0,2,비활성
P-0709,EMK 절단석 @ 7인치,절단석,7인치,1500.0,1500.0,2,비활성
P-0710,EMK 연마석 @ 5인치 *6T,연마재,5인치 *6T,700.0,0.0,2,활성
P-0711,EMK 연마석 @ 5인치 *3T,연마재,5인치 *3T,900.0,0.0,2,활성
P-0712,3M 쿨토시 PS2000 @ BK,기타,BK,0.0,0.0,2,비활성
P-0713,DISC KA162 #180 @ VD40,연마재,VD40,300.0,0.0,2,비활성
P-0714,DISC KA162 #100 @ VD40,연마재,VD40,300.0,0.0,2,비활성
P-0715,자화기(자석),기타,,600.0,600.0,2,비활성
P-0716,자동 레벨기 삼각대(SB) @ TD-950F,기타,TD-950F,37000.0,0.0,2,비활성
P-0717,"절단석 4""-16 스포르팅",절단석,,600.0,600.0,2,비활성
P-0718,"제네시스 절단석 @ 14""",절단석,"14""",2200.0,2200.0,2,비활성
P-0719,"절단석 L MFC @ 4""*16MM",절단석,"4""*16MM",0.0,0.0,2,비활성
P-0720,"HERO 뺀치 HO-518C @ 8""",기타,"8""",10800.0,10800.0,2,비활성
P-0721,GMG 장갑 컴포트그립 L2002 @ S,안전용품,S,1150.0,0.0,2,비활성
P-0722,GMG 장갑 엔지니어그립 N2002 @ S,안전용품,S,1450.0,0.0,2,비활성
P-0723,TAJIMA 컷터칼 LC-650BL (25mm),기타,,6750.0,6750.0,2,비활성
P-0724,이화 마른날 @ 8인치 *3.1mm,기타,8인치 *3.1mm,42500.0,42000.0,2,비활성
P-0725,DISC KA162 #60 @ VD40,연마재,VD40,300.0,0.0,2,비활성
P-0726,차영연마 날개페파 100*16 @ #80- 45p,연마재,#80- 45p,700.0,700.0,2,비활성
P-0727,"3M 푸른돌 #36(HP 66554 6T) @ 4""",기타,"4""",0.0,0.0,2,비활성
P-0728,3M 테이프-OPP(372KS/TRANS)@ 48*40M투명,테이프,48*40M투명,850.0,0.0,2,비활성
P-0729,3M 테이프 기밀 #4411N(WHITE @ 38MM*4.5M,테이프,38MM*4.5M,18500.0,18500.0,2,비활성
P-0730,"카이마 파워휠페파 @ 4""#80 4""*16",기타,"4""#80 4""*16",700.0,0.0,2,활성
P-0731,충전드릴 계양 DD18BL,드릴/비트,,215000.0,0.0,2,비활성
P-0732,충전그라인더 계양 DG18BLZ-100S,공구,,108000.0,0.0,2,비활성
P-0733,"초경 판넬용 @ 7""*25*30*2.2",기타,"7""*25*30*2.2",0.0,0.0,2,비활성
P-0734,3M 장갑 컴포트그립 슈퍼폼 @ L,안전용품,L,0.0,0.0,2,비활성
P-0735,"컷쇼날 S9122HF(목재,철재,알루미늄)보쉬",기타,,7800.0,7800.0,2,비활성
P-0736,컷쇼날 S-1542K(목재용),기타,,18062.0,18500.0,2,비활성
P-0737,"컷쇼날 S-1122HF(목재,철재,알루미늄)보쉬",기타,,10683.0,11000.0,2,비활성
P-0738,"제일 절단석 WA @ 4""*1.8T",절단석,"4""*1.8T",530.0,0.0,2,비활성
P-0739,3M테이프 양면 #5068 @ 50MM*1.4M,테이프,50MM*1.4M,2100.0,2100.0,2,비활성
P-0740,3M테이프 양면 #5068 @ 48MM*1.4M,테이프,48MM*1.4M,2600.0,2600.0,2,비활성
P-0741,3M테이프 양면 #5068 @ 24MM*3M,테이프,24MM*3M,2200.0,2200.0,2,비활성
P-0742,3M테이프 양면 #5068 @ 24MM*1.4M,테이프,24MM*1.4M,1300.0,1300.0,2,비활성
P-0743,DAIMON 비트아답타DBA-21@1/2Dr→BIT,드릴/비트,1/2Dr→BIT,9000.0,9000.0,2,비활성
P-0744,ARS 전지가위 120DX-K @ 190mm,기타,190mm,18960.0,18960.0,2,비활성
P-0745,"ARM볼트커터 HA-450@18""*450MM",기타,"18""*450MM",26300.0,26300.0,2,비활성
P-0746,3M프로그립 3000장갑 @ M,안전용품,M,0.0,1650.0,2,비활성
P-0747,3M프로그립 3000장갑 @ L,안전용품,L,0.0,1650.0,2,비활성
P-0748,3M프로그립 2000장갑 @ M,안전용품,M,0.0,1580.0,2,비활성
P-0749,3M프로그립 2000장갑 @ L,안전용품,L,0.0,1650.0,2,비활성
P-0750,3M테이프 양면 #5069 @ 25MM*3M,테이프,25MM*3M,2075.0,0.0,2,비활성
P-0751,3M테이프 양면 #5069 @ 12MM*3M,테이프,12MM*3M,1000.0,0.0,2,비활성
P-0752,동해 초경홀쓰 DH-412(38mm),기타,,10800.0,10800.0,2,비활성
P-0753,보쉬 SDS드릴 S4L(-)@18*250*300,드릴/비트,18*250*300,17300.0,17300.0,2,비활성
P-0754,"세신알루미늄파이프렌@18""*450mm",기타,"18""*450mm",30311.0,0.0,2,비활성
P-0755,"티롤릿 블루 4"" 25*50",기타,50,1400.0,1400.0,2,비활성
P-0756,티롤릿 one절단석 @ 5인치*1.0t,절단석,5인치*1.0t,540.0,0.0,2,활성
P-0757,보쉬 SDS드릴 7X @25*400*450(+),드릴/비트,25*400*450(+),71724.0,0.0,2,비활성
P-0758,티롤릿 one절단석 @ 4인치*1.0t,절단석,4인치*1.0t,450.0,0.0,2,활성
P-0759,트러스트 스피드 디스크컷 @ #40,연마재,#40,560.0,560.0,2,비활성
P-0760,3M 방진마스크 @ 9913V,기타,9913V,2200.0,0.0,2,비활성
P-0761,3M 방독면필름 6885-100,기타,,500.0,500.0,2,비활성
P-0762,보쉬 SDS드릴 7X @22*200*250(+),드릴/비트,22*200*250(+),42700.0,42700.0,2,비활성
P-0763,다몬 건식코아 헤드 @ ∮75,기타,∮75,4000.0,0.0,2,비활성
P-0764,3M 방독면체 6502QL @ 반면형,기타,반면형,0.0,18000.0,2,비활성
P-0765,3M 보안경 AP-302(SG) @ 회색,기타,회색,14000.0,0.0,2,비활성
P-0766,3M 방독면 헤드밴드 7581,기타,,6000.0,0.0,2,비활성
P-0767,보쉬 SDS드릴 7X @17*250*315(+),드릴/비트,17*250*315(+),31500.0,0.0,2,비활성
P-0768,3M MRO 기계세정제 @ 420ML,기타,420ML,0.0,0.0,2,비활성
P-0769,"블랙블 절단석@ 골드 5""",절단석,"골드 5""",450.0,450.0,2,비활성
P-0770,"다몬 알파 도로날 @ 16""*3.2t",기타,"16""*3.2t",93000.0,93000.0,2,비활성
P-0771,"블랙불 원터치 첼라 @ 8""",기타,"8""",13000.0,13000.0,2,비활성
P-0772,"블랙불 원터치 첼라 @ 10""",기타,"10""",14500.0,14500.0,2,비활성
P-0773,"블랙불 만능 연마휠 @4""",연마재,"4""",11500.0,11500.0,2,비활성
P-0774,북성공업 예초기 @ BC40F3,기타,BC40F3,250000.0,250000.0,2,비활성
P-0775,"부직포 #96 PAD 6""*9""",기타,"9""",800.0,800.0,2,비활성
P-0776,3M 보호복 4515 @ L-GRAY,기타,L-GRAY,3000.0,0.0,2,비활성
P-0777,3M 보호복 4515 @ 2XL-GRAY,기타,2XL-GRAY,3000.0,0.0,2,비활성
P-0778,3M 보안경 SF402 AF,기타,,4200.0,5000.0,2,비활성
P-0779,3M 보안경 SF401 @ Clear,기타,Clear,4000.0,4000.0,2,비활성
P-0780,다몬 건식코아 비트 @ ∮75,드릴/비트,∮75,16100.0,0.0,2,비활성
P-0781,수당 [미성공구,기타,,,0.0,2,비활성
P-0782,동해 초경홀쓰 DH-412(55mm),기타,,17000.0,17000.0,2,비활성
P-0783,수당[금산철강,기타,,,0.0,2,비활성
P-0784,"세신알루미늄파이프렌@24""*600mm",기타,"24""*600mm",46094.0,0.0,2,비활성
P-0785,세양 초경홀쏘T-TYPE @ 48mm,기타,48mm,13304.0,0.0,2,비활성
P-0786,센툴 함마드리이버 SHT-1440 @ 14*40MM,기타,14*40MM,13200.0,13450.0,2,비활성
P-0787,"로디우스 절단석 @ 7""",절단석,"7""",3000.0,3000.0,2,비활성
P-0788,"레지톤 금란 @ 4""",기타,"4""",1350.0,0.0,2,비활성
P-0789,"레지본절단석 @ 205(8"")*2.0T*22",절단석,"205(8"")*2.0T*22",1618.0,2000.0,2,비활성
P-0790,동해 초경홀쓰 DH-412(65mm),기타,,19000.0,19000.0,2,비활성
P-0791,수당[고덕철물,기타,,,0.0,2,비활성
P-0792,밀워키 M18 CBLPD 충천해머드릴 하드케이스,드릴/비트,,114000.0,0.0,2,비활성
P-0793,레즈본 용접면 보호유리,기타,,300.0,300.0,2,비활성
P-0794,보쉬 SDS드릴 S4L(1)@16*150*215,드릴/비트,16*150*215,12000.0,12000.0,2,비활성
P-0795,보쉬 SDS드릴 7X @14*100*165(+),드릴/비트,14*100*165(+),8941.0,0.0,2,비활성
P-0796,"삼원 팁쇼 목공용/TRP(ST) @ 14""*3*25.4*T",기타,"14""*3*25.4*T",45000.0,45000.0,2,비활성
P-0797,"생고뱅 절단석 노존플러스 @ 4""*1.2T",절단석,"4""*1.2T",0.0,0.0,2,비활성
P-0798,동해 롱홀쏘 DH-412L,기타,,29000.0,29000.0,2,비활성
P-0799,"생고뱅 절단석 노존플러스 @ 5""*1.2T",절단석,"5""*1.2T",0.0,0.0,2,비활성
P-0800,동해 초경홀쓰 DH-412(22mm),기타,,7300.0,7300.0,2,비활성
P-0801,"3M DISC-PAD CUP @ 4""",연마재,"4""",1150.0,0.0,2,비활성
P-0802,동해 초경홀쓰 DH-412(24mm),기타,,7300.0,7300.0,2,비활성
P-0803,동해 초경홀쓰 DH-412(26mm),기타,,7500.0,7500.0,2,비활성
P-0804,동해 초경홀쓰 DH-412(28mm),기타,,7500.0,7500.0,2,비활성
P-0805,동해 초경홀쓰 DH-412(32mm),기타,,8300.0,8300.0,2,비활성
P-0806,택배비[성진전기철물,기타,,5500.0,5000.0,2,비활성
P-0807,보쉬 충전햄머드릴 @ GSB10.8-2-LI,드릴/비트,GSB10.8-2-LI,0.0,0.0,2,비활성
P-0808,"보쉬 절단석 x-lock @ 5""*1.0t",절단석,"5""*1.0t",1001.0,1100.0,2,비활성
P-0809,레즈본 용접면 카트리지,기타,,6000.0,0.0,2,비활성
P-0810,"3M DISC S/C A-CRS(M10홀더) @ 4""",연마재,"4""",0.0,0.0,2,비활성
P-0811,"피셔절단석 5""*125*1.3*16 독일제",절단석,16 독일제,1300.0,1300.0,2,비활성
P-0812,한국웰드텍 WR 골드용접봉 @3.2파이,기타,3.2파이,0.0,0.0,2,비활성
P-0813,다몬 건식코아 튜브 @ ∮75,기타,∮75,5500.0,0.0,2,비활성
P-0814,밀워키임팩(M18-FIDS2-502X)젠3,기타,,340000.0,340000.0,2,비활성
P-0815,"3D 프리미엄 절단석 @ 4""",절단석,"4""",500.0,0.0,2,비활성
P-0816,밀워키그라인더 M18-FSAG100X-502X)신형,공구,,375000.0,375000.0,2,비활성
P-0817,황사마스크KF94 /아이엔티,기타,,1400.0,1400.0,2,비활성
P-0818,"피셔절단석 4""*125*1.3*16 독일제",절단석,16 독일제,1100.0,1100.0,2,비활성
P-0819,"효성D&D다이아몬드날 도로컷팅날 @ 16""",절단석,"16""",0.0,65000.0,2,비활성
P-0820,트러스트 스피드 디스크컷 @ #120,연마재,#120,560.0,560.0,2,비활성
P-0821,3M MRO 방청유 PL-5 @ 360ML,기타,360ML,0.0,0.0,2,비활성
P-0822,"히화 컵휠(B/일반컵) M51 @ 4"" *4.5T*15MM",기타,"4"" *4.5T*15MM",23000.0,23000.0,2,비활성
P-0823,3M MRO 레몬세정제 @ 420ML,기타,420ML,0.0,0.0,2,비활성
P-0824,바이스/바이킹ARM,기타,,212000.0,212000.0,2,비활성
P-0825,3M MRO 접착제거제 @ 200ML,기타,200ML,0.0,0.0,2,비활성
P-0826,3M 보호복 4515 @ XL-GRAY,기타,XL-GRAY,3000.0,0.0,2,비활성
P-0827,* 아래는 택배발송건임,기타,아래는 택배발송건임,,0.0,2,비활성
P-0828,"페어드CC-GRIND-ROBUST@ 5""",기타,"5""",5300.0,0.0,2,비활성
P-0829,밀워키 원형톱(M18-CCS55-OX)6.5인치,기타,,255000.0,255000.0,2,비활성
P-0830,"3M DISC 패드 982C @ 4""",연마재,"4""",0.0,0.0,2,비활성
P-0831,"3D 프리미엄 절단석 @ 5""",절단석,"5""",700.0,0.0,2,비활성
P-0832,"3M DISC S/C LGB SD A-CRS @ 4""",연마재,"4""",0.0,0.0,2,비활성
P-0833,"3M DISC S/C LGB HD A-CRS @ 4""",연마재,"4""",0.0,0.0,2,비활성
P-0834,"페어드 절단석 @ 5""(내경22mm)",절단석,"5""(내경22mm)",1500.0,1700.0,2,비활성
P-0835,3M 보안경 AP-301(SG) @ 노랑,기타,노랑,14000.0,14000.0,2,비활성
P-0836,퓨어라이프 새부리블랙 KF94,기타,,250.0,250.0,2,비활성
P-0837,보쉬7XSDS드릴(EXPERT)14*200*265(+),드릴/비트,265(+),16900.0,0.0,2,비활성
P-0838,"3M DISC S/C A-VFN(M10홀더) @ 4""",연마재,"4""",0.0,0.0,2,비활성
P-0839,보쉬 컷쇼날 특수용@S-930CF@150*22*1.6,기타,150*22*1.6,25439.0,26000.0,2,비활성
P-0840,"페어드 절단석 @ 4""*1.0알루미늄",절단석,"4""*1.0알루미늄",2000.0,2000.0,2,비활성
P-0841,동해 초경홀쓰 DH-412(48mm),기타,,17000.0,17000.0,2,비활성
P-0842,"3M DISC 플랩 769F #60 @ 4""",연마재,"4""",0.0,0.0,2,비활성
P-0843,인버터용접기 GOLD-200,기타,,121600.0,0.0,1,비활성
P-0844,3M 정수필터 @ 프리미엄,기타,프리미엄,0.0,0.0,1,비활성
P-0845,밀워키 충전임팩 M18FLW12-602X,기타,,450000.0,450000.0,1,비활성
P-0846,3M 정수필터 @ 스탠다드,기타,스탠다드,0.0,0.0,1,비활성
P-0847,인너케이스@몰드,기타,몰드,200200.0,0.0,1,활성
P-0848,작업복 ZIBEN-2053,기타,,65000.0,0.0,1,비활성
P-0849,DAIMON 키레스척세트(원터치/빗트타입) @~M,기타,~M,14700.0,14700.0,1,비활성
P-0850,다몬 건식코아 튜브 @ ∮60,기타,∮60,3700.0,0.0,1,비활성
P-0851,베벨,기타,,0.0,0.0,1,비활성
P-0852,제일연마 컵돌연마석 @ 3인치,연마재,3인치,1260.0,1260.0,1,비활성
P-0853,다몬 건식코아 튜브 @ ∮70,기타,∮70,5500.0,0.0,1,비활성
P-0854,도담16호,기타,,15000.0,0.0,1,비활성
P-0855,레즈본 줄자 @ 5.5M*25MM,기타,5.5M*25MM,0.0,0.0,1,비활성
P-0856,레즈본 줄자 @ 5.5M*19MM,기타,5.5M*19MM,0.0,0.0,1,비활성
P-0857,GMG 장갑 CUT-5절단방지 T2000 @ XL,절단석,XL,2300.0,0.0,1,비활성
P-0858,다몬 건식코아 튜브 @ ∮80,기타,∮80,5500.0,0.0,1,비활성
P-0859,GMG 장갑 손등방지 TX5000 @ XL,안전용품,XL,7300.0,0.0,1,비활성
P-0860,밀워키 송풍기(M18-BBL-O),기타,,75000.0,75000.0,1,비활성
P-0861,"제일 절단석 흑돌 @ 5""",절단석,"5""",0.0,0.0,1,비활성
P-0862,용접봉 골든브릿지 솔리드 @ 1.4mm,기타,1.4mm,0.0,0.0,1,비활성
P-0863,디월,기타,,0.0,0.0,1,비활성
P-0864,밀워키 송풍기(M18-BBL-O)배어툴,기타,,70200.0,0.0,1,비활성
P-0865,용접기 XCORT @ MMA-200S,기타,MMA-200S,0.0,0.0,1,비활성
P-0866,유한 크린가드 43043/A10/회 @ 특대,기타,특대,3167.0,0.0,1,비활성
P-0867,다몬 건식코아 헤드 @ ∮70,기타,∮70,4000.0,0.0,1,비활성
P-0868,다몬 건식코아 헤드 @ ∮40,기타,∮40,2700.0,0.0,1,비활성
P-0869,다몬 건식코아 헤드 @ ∮80,기타,∮80,4000.0,0.0,1,비활성
P-0870,GMG 장갑 진동방지 L8000 @ XL,안전용품,XL,2200.0,0.0,1,비활성
P-0871,GMG 장갑 진동방지 L8000 @ M,안전용품,M,2200.0,0.0,1,비활성
P-0872,"이화 콘크리트 컷팅날(마른) @ 8""",절단석,"8""",41430.0,0.0,1,비활성
P-0873,다몬 건식코아 헤드 @ ∮30,기타,∮30,1850.0,0.0,1,비활성
P-0874,GMG 장갑 진동방지 L8000 @ L,안전용품,L,2200.0,0.0,1,비활성
P-0875,GMG 장갑 엔지니어그립 N2002 @ XL,안전용품,XL,1450.0,0.0,1,비활성
P-0876,전등 서치라이트,기타,,0.0,0.0,1,비활성
P-0877,다몬 건식코아 헤드 @ ∮25,기타,∮25,1700.0,0.0,1,비활성
P-0878,다몬건식코아(세트) @ ∮100(108),기타,∮100(108),34400.0,0.0,1,비활성
P-0879,다몬건식코아(세트) @ ∮158,기타,∮158,47100.0,0.0,1,비활성
P-0880,이화,기타,,0.0,0.0,1,비활성
P-0881,이월,기타,,0.0,0.0,1,비활성
P-0882,다몬 건식코아 헤드 @ ∮125,기타,∮125,6200.0,0.0,1,비활성
P-0883,JM 안티코비 덴탈마스크,기타,,40.0,40.0,1,비활성
P-0884,다몬 건식코아 헤드 @ ∮100(108),기타,∮100(108),5350.0,0.0,1,비활성
P-0885,다몬건식코아(세트) @ ∮25,기타,∮25,13700.0,0.0,1,비활성
P-0886,윤활방청제 W-100 360ML,기타,,3000.0,0.0,1,활성
P-0887,다몬 건식코아 헤드 @ ∮28,기타,∮28,1850.0,0.0,1,비활성
P-0888,GMG 장갑 손등방지 TX5000 @ M,안전용품,M,7300.0,0.0,1,비활성
P-0889,GMG 장갑 손등방지 TX5000 @ L,안전용품,L,7300.0,0.0,1,비활성
P-0890,DAIWA 손타카 DT-3[H13(13mm)],기타,,18364.0,0.0,1,비활성
P-0891,"절단석 L 3D골드 @ 5""*16MM",절단석,"5""*16MM",0.0,0.0,1,비활성
P-0892,"절단석 L 3D골드 @ 4""*16MM",절단석,"4""*16MM",0.0,0.0,1,비활성
P-0893,반환,기타,,,0.0,1,비활성
P-0894,전기테,기타,,0.0,0.0,1,비활성
P-0895,장부 착오분,기타,,,0.0,1,비활성
P-0896,장갑 맨손 혹한기 @ L,안전용품,L,3500.0,3500.0,1,비활성
P-0897,정정,기타,,,0.0,1,비활성
P-0898,3M테이프 양면 #4421 @ 1200MM*10M,테이프,1200MM*10M,123000.0,0.0,1,비활성
P-0899,"3M절단석 72653 @ 4""",절단석,"4""",500.0,500.0,1,비활성
P-0900,"DCK 그라인더 KSM05-230/3,000W 2 9""",공구,,86000.0,0.0,1,비활성
P-0901,DCK 충전그라인더 @ 20V 4AH,공구,20V 4AH,120000.0,0.0,1,비활성
P-0902,3M양면#4421(M)@1200MM*10M*48,기타,1200MM*10M*48,6500.0,3400.0,1,비활성
P-0903,3M양면#4421(M)@1200MM*10M*24,기타,1200MM*10M*24,3250.0,3400.0,1,비활성
P-0904,"제우스 절단석 @ 5""",절단석,"5""",500.0,500.0,1,비활성
P-0905,다몬 건식코아 헤드 @ ∮60,기타,∮60,3200.0,0.0,1,비활성
P-0906,다몬 건식코아 헤드 @ ∮55,기타,∮55,3000.0,0.0,1,비활성
P-0907,다몬 건식코아 헤드 @ ∮45,기타,∮45,2700.0,0.0,1,비활성
P-0908,작업봉ZIBEN-1957,기타,,51000.0,0.0,1,비활성
P-0909,3M 귀덮개 H7A,기타,,0.0,0.0,1,비활성
P-0910,티롤릿 파트너 절단석 @ 14인치 * 355*4*23,절단석,14인치 * 355*4*23,15000.0,0.0,1,비활성
P-0911,티롤릿 카달로그,기타,,0.0,0.0,1,비활성
P-0912,3M 마스크 방진2급 @ 9002V,기타,9002V,0.0,0.0,1,비활성
P-0913,3M 넥쿨러(PN1000) #블루,기타,,7800.0,0.0,1,비활성
P-0914,"페어드 옵셑 4""*6T(160장)",기타,6T(160장),600.0,0.0,1,활성
P-0915,"페어드 옵셑 4""*3T#36(250장)",기타,3T#36(250장),700.0,0.0,1,활성
P-0916,페어드 연마석 @ 4인치*6T,연마재,4인치*6T,400.0,0.0,1,비활성
P-0917,퀵서비스,기타,,9000.0,0.0,1,비활성
P-0918,쿨토시 @ 블루,기타,블루,950.0,0.0,1,비활성
P-0919,쿨토시 @ 그레이,기타,그레이,950.0,0.0,1,비활성
P-0920,"콘크리트 컷팅날(이화) @ 7""",절단석,"7""",32000.0,32000.0,1,비활성
P-0921,밀워키 충전기 M12-18FC(급속충전기),기타,,47700.0,0.0,1,비활성
P-0922,"3M 절단석 47041(큐3) @ 4""*1.0t*15.88mm",절단석,"4""*1.0t*15.88mm",2400.0,0.0,1,활성
P-0923,3M 장갑 컴포트그립(ORANGE) @ M,안전용품,M,1520.0,0.0,1,비활성
P-0924,택배비[김태환 화물,기타,,4000.0,5000.0,1,비활성
P-0925,택배비[가온렌탈공구,기타,,6000.0,5000.0,1,비활성
P-0926,택배비-진영건축자재백화점,기타,,5000.0,500.0,1,비활성
P-0927,3M 보호복 4515 @ XL-BLUE,기타,XL-BLUE,0.0,0.0,1,비활성
P-0928,3M 마스킹 303(RED) @ 15MM*40M*80EA,기타,15MM*40M*80EA,48500.0,0.0,1,비활성
P-0929,3M 마스킹 303(YELLOW) @ 15MM*40M*80EA,기타,15MM*40M*80EA,48500.0,0.0,1,비활성
P-0930,3M 방독면 @ 3200(단구형),기타,3200(단구형),7900.0,0.0,1,비활성
P-0931,3M 에어 롤록페이퍼 #36 3M 984F,기타,,800.0,0.0,1,비활성
P-0932,3M 양면테이프 #4421(M)@ 1200MM*10M,테이프,1200MM*10M,135000.0,0.0,1,비활성
P-0933,택배비[삼구이칠농자자재,기타,,90000.0,5000.0,1,비활성
P-0934,케라퍼퓸 셀렉션33호,기타,,17000.0,0.0,1,비활성
P-0935,"페어드절단석(SG-PLUS)@ 4"" *0.8T",절단석,"4"" *0.8T",1100.0,1100.0,1,비활성
P-0936,디월트 DCF801N 충전드릴12V @ 베어툴,드릴/비트,베어툴,87000.0,0.0,1,비활성
P-0937,래피젠 코로나 자가진단키트,기타,,4300.0,0.0,1,비활성
P-0938,프리,기타,,0.0,0.0,1,비활성
P-0939,디월트 충전햄머드릴 @ DCD796P2,드릴/비트,DCD796P2,366000.0,0.0,1,비활성
P-0940,화물비[우리케이블주식회사,기타,,3600.0,3600.0,1,비활성
P-0941,디월트 충전 임팩드리이버@베어툴,기타,베어툴,0.0,0.0,1,비활성
P-0942,"레즈본 연마석 청평 #80 @ 4.5""",연마재,"4.5""",0.0,0.0,1,비활성
P-0943,"레즈본 연마석 청평 #40 @ 4.5""",연마재,"4.5""",0.0,0.0,1,비활성
P-0944,"레즈본 연마석 청평 #120 @ 4.5""",연마재,"4.5""",0.0,0.0,1,비활성
P-0945,"레즈본 연마석 청평 #120 @ 4""",연마재,"4""",0.0,0.0,1,비활성
P-0946,레벨기 ADL-440 @ 4V4H(전자식)박스,기타,4V4H(전자식)박스,0.0,0.0,1,비활성
P-0947,3M 귀덮개 H7P3E(보호구),기타,,0.0,0.0,1,비활성
P-0948,"대광연마 절단석(소프트타입)@ 5""",절단석,"5""",1400.0,1400.0,1,비활성
P-0949,"대광 절단석 @ 14""",절단석,"14""",0.0,0.0,1,비활성
P-0950,다몬건식코아(세트) @ ∮80,기타,∮80,26600.0,0.0,1,비활성
P-0951,디월트 배터리 18V 4.0AH @ DCB182,기타,DCB182,88000.0,0.0,1,비활성
P-0952,다몬건식코아(세트) @ ∮70,기타,∮70,24500.0,0.0,1,비활성
P-0953,"3D 절단석 @ 5""*16MM",절단석,"5""*16MM",0.0,0.0,1,비활성
P-0954,3M 안전용품,안전용품,,9000000.0,9000000.0,1,비활성
P-0955,3M 보호복 MG1500(73367) @ L-BLUE,기타,L-BLUE,0.0,0.0,1,비활성
P-0956,3M 보호복 MG1500(46660) @ L-BLUE,기타,L-BLUE,0.0,0.0,1,비활성
P-0957,3M 보호복 MG1500(46652) @ L-BLUE,기타,L-BLUE,0.0,0.0,1,비활성
P-0958,"3D프리미엄 @4""",기타,"4""",500.0,500.0,1,비활성
P-0959,"3M DISC 982C #36 @ 4""",연마재,"4""",0.0,0.0,1,비활성
P-0960,3M 귀덮개 H9A,기타,,0.0,0.0,1,비활성
P-0961,랩(공업용)500*20,기타,20,10000.0,0.0,1,비활성
P-0962,3M 장갑 컴포트그립(ORANGE) @ L,안전용품,L,1520.0,1520.0,1,비활성
P-0963,3M 장갑 컴포트그립 슈퍼폼 @ M,안전용품,M,1680.0,0.0,1,비활성
P-0964,택배비[주원금속철물상사,기타,,5000.0,5000.0,1,비활성
P-0965,테이프,테이프,,,0.0,1,비활성
P-0966,토치 가스 포세이돈 @ KGT-250,기타,KGT-250,0.0,0.0,1,비활성
P-0967,컷쇼날 S-1122BF(철재용,기타,,15000.0,15000.0,1,비활성
P-0968,카이마해바라기 @ #80,기타,#80,700.0,0.0,1,비활성
P-0969,"마키다 충전디스크그라인더 DGA402RTE[4""/V",연마재,,286256.0,15.0,1,비활성
P-0970,말표 용접앞치마,기타,,5921.0,0.0,1,비활성
P-0971,매거,기타,,,0.0,1,비활성
P-0972,미수금,기타,,914000.0,914000.0,1,비활성
P-0973,밀워키 M18 BBL-0 블로어,기타,,70200.0,0.0,1,비활성
P-0974,택배비[부원건철종합,기타,,5500.0,5000.0,1,비활성
P-0975,3M테이프 양면 #4421 @ 1200MM*24MM,테이프,1200MM*24MM,3300.0,3540.0,1,비활성
P-0976,3M테이프 양면 #4421 @ 1200MM*12MM,테이프,1200MM*12MM,1650.0,1770.0,1,비활성
P-0977,밀워키 그라인더 AG7-1005,공구,,50000.0,50000.0,1,비활성
P-0978,밀워키 배터리 M18-B5 -5AM,기타,,74700.0,0.0,1,비활성
P-0979,레즈본 줄자 @ 7.5M*25MM,기타,7.5M*25MM,0.0,0.0,1,비활성
P-0980,마스크,기타,,130.0,130.0,1,비활성
P-0981,마스크 카누토 @ 밸브무,기타,밸브무,0.0,0.0,1,비활성
P-0982,"제일 절단석 PS-GOLD @ 4""",절단석,"4""",800.0,0.0,1,비활성
P-0983,마스크 카누토 @ 밸브유,기타,밸브유,0.0,0.0,1,비활성
P-0984,제일 장갑 NBR POLY @ M,안전용품,M,0.0,0.0,1,비활성
P-0985,마키다 충전디스크그라인더 DGA402RTE,연마재,,300000.0,15.0,1,비활성
P-0986,제일,기타,,0.0,0.0,1,비활성
P-0987,3M테이프 양면 #4421 @ 1200MM*50MM,테이프,1200MM*50MM,6700.0,7380.0,1,비활성
P-0988,택배비[도개건재,기타,,6000.0,5000.0,1,비활성
P-0989,택배비[남원주조경조재농약마트,기타,,5500.0,5000.0,1,비활성
P-0990,3M 장갑 칼라그립 오렌지L,안전용품,,0.0,0.0,1,비활성
P-0991,3M 방진필터 @ 3311k-100,기타,3311k-100,3500.0,0.0,1,비활성
P-0992,3M 장갑 수퍼그립200-WT @ S,안전용품,S,0.0,0.0,1,비활성
P-0993,3M 장갑 수퍼그립 핫 @ S,안전용품,S,0.0,0.0,1,비활성
P-0994,3M 장갑 발열 @,안전용품,,16500.0,0.0,1,비활성
P-0995,3M 쿨토시(PS2000) #화이트,기타,,2450.0,0.0,1,비활성
P-0996,3M 컬러그립 그린 M,기타,,1470.0,0.0,1,비활성
P-0997,3M 컬러그립 그린 @ L,기타,L,1470.0,0.0,1,비활성
P-0998,3M 창문필터,기타,,5800.0,0.0,1,비활성
P-0999,3M 차량용 유리발수코팅제 @ 390ml,기타,390ml,3800.0,0.0,1,비활성
P-1000,택배비[영진목공건재,기타,,5000.0,5000.0,1,비활성
P-1001,"티롤릿 블루 4"" 400*50",기타,50,0.0,0.0,1,비활성
P-1002,차액 환불,기타,,,0.0,1,활성
P-1003,진열장,기타,,717120.0,717120.0,1,비활성
P-1004,조정료,기타,,500000.0,500000.0,1,활성
P-1005,"티롤릿 블루 5"" 150*100",기타,100,0.0,0.0,1,비활성
P-1006,3M 마스크 황사 KF80 @ 9012,기타,9012,0.0,0.0,1,비활성
P-1007,3M 마스킹 303(ORANGE) @ 15MM*40M*80EA,기타,15MM*40M*80EA,48500.0,0.0,1,비활성
P-1008,3M 장갑 칼라그립 오렌지M,안전용품,,0.0,0.0,1,비활성
P-1009,"카이마 파워휠페파 @ 4""#40 4""*16",기타,"4""#40 4""*16",500.0,0.0,1,비활성
P-1010,"카이마 파워휠페파 @ 4""#120 4""*16",기타,"4""#120 4""*16",500.0,0.0,1,비활성
P-1011,카드수수료,기타,,,0.0,1,비활성
P-1012,카드,기타,,0.0,0.0,1,비활성
P-1013,택배비[신우종합건재상사,기타,,5000.0,5000.0,1,비활성
P-1014,청소기,기타,,135117.0,0.0,1,비활성
P-1015,수당지급[아름다운철물점,기타,,,0.0,1,비활성
P-1016,수당지급[신평종합상사,기타,,,0.0,1,비활성
P-1017,다몬 건식코아 비트 @ ∮70,드릴/비트,∮70,15000.0,0.0,1,비활성
P-1018,수당지급[선두농자재,기타,,,0.0,1,비활성
P-1019,수당지급[서해종합기계,기타,,,0.0,1,비활성
P-1020,수당지급[서울철물,기타,,,0.0,1,비활성
P-1021,수당[영풍철물,기타,,,0.0,1,비활성
P-1022,수당[영신건재,기타,,,0.0,1,비활성
P-1023,"수당[영남문집건축자재,진품건재",기타,,,0.0,1,비활성
P-1024,수당[연산종합건재,기타,,,0.0,1,비활성
P-1025,"수당[연무상사,OK상사",기타,,,0.0,1,비활성
P-1026,수당[연무상사,기타,,,0.0,1,비활성
P-1027,수당[안면건재,기타,,,0.0,1,비활성
P-1028,사랑12호,기타,,11500.0,0.0,1,비활성
P-1029,수당[정인산업,기타,,,0.0,1,비활성
P-1030,수당[자연우드,기타,,,0.0,1,비활성
P-1031,다몬 건식코아 튜브 @ ∮100(108),기타,∮100(108),8750.0,0.0,1,비활성
P-1032,수당[우리철물자재,기타,,,0.0,1,비활성
P-1033,수당[우리공구,기타,,,0.0,1,비활성
P-1034,수당[우경티앤씨,기타,,,0.0,1,비활성
P-1035,수당[우경메탈,기타,,,0.0,1,활성
P-1036,수당[태양철물,기타,,,0.0,1,비활성
P-1037,수당[태성농자재,기타,,,0.0,1,비활성
P-1038,수당[태광전기,기타,,,0.0,1,비활성
P-1039,수당[충남철물포장,기타,,,0.0,1,비활성
P-1040,"수당[진산건설,우경티앤티",기타,,,0.0,1,비활성
P-1041,수당[지수건재철물,기타,,,0.0,1,비활성
P-1042,수당[지급,기타,,,0.0,1,비활성
P-1043,수당[주선산업,기타,,,0.0,1,비활성
P-1044,계양팁쇼목공용/T형 국산 @185*60*2.8*19,기타,185*60*2.8*19,15000.0,15000.0,1,비활성
P-1045,계양 함마드릴 PHD-38[38mm) @오일방식,드릴/비트,오일방식,318515.0,335000.0,1,비활성
P-1046,계양 컷쇼 RS-1300[1300W],기타,,120280.0,125000.0,1,비활성
P-1047,계양 컷쇼 RS-1300,기타,,125000.0,125000.0,1,비활성
P-1048,수당지급[고덕종합철물,기타,,,0.0,1,비활성
P-1049,수당지급[경동철물,기타,,,0.0,1,비활성
P-1050,수당지급[OK종합상사,기타,,,0.0,1,비활성
P-1051,수당지급[18일자 3건,기타,,,0.0,1,비활성
P-1052,수당지급[11월13일건,기타,,,0.0,1,비활성
P-1053,수당지급[11월 16일자,기타,,,0.0,1,비활성
P-1054,수당[효성종합기계,기타,,,0.0,1,비활성
P-1055,수당지급[대한합판목재,기타,,,0.0,1,비활성
P-1056,수당지급[대지철물점,기타,,,0.0,1,비활성
P-1057,수당지급[영진철물전기,기타,,,0.0,1,비활성
P-1058,수당지급[대성철물건재,기타,,,0.0,1,비활성
P-1059,수당지급[대경산업,기타,,,0.0,1,비활성
P-1060,수당지급[늘봄종합철물,기타,,,0.0,1,비활성
P-1061,수당지급[금성철물,기타,,,0.0,1,비활성
P-1062,수당지급[금강하우징,기타,,,0.0,1,비활성
P-1063,수당지급[서부현대건재철물,기타,,,0.0,1,비활성
P-1064,수당지급[서부종합건재,기타,,,0.0,1,비활성
P-1065,수당지급[상봉철물,기타,,,0.0,1,비활성
P-1066,수당지급[삼성종합상사,기타,,,0.0,1,비활성
P-1067,수당지급[미성철물,기타,,,0.0,1,비활성
P-1068,수당지급[동창산업,기타,,,0.0,1,비활성
P-1069,수당지급[덕산PVC,기타,,,0.0,1,비활성
P-1070,다몬 건식코아 비트 @ ∮60,드릴/비트,∮60,12800.0,0.0,1,비활성
P-1071,수당지급[오가철물,기타,,,0.0,1,비활성
P-1072,수당지급[대일포장방수11월2일자,기타,,,0.0,1,비활성
P-1073,수당[산동건철,기타,,,0.0,1,비활성
P-1074,수당[부흥천흥농약마트,기타,,,0.0,1,비활성
P-1075,수당[안동장갑안전,안전용품,,,0.0,1,비활성
P-1076,수당[아재주식회사,기타,,,0.0,1,비활성
P-1077,수당[신흥이앤씨,기타,,,0.0,1,비활성
P-1078,수당[신화철물,기타,,,0.0,1,비활성
P-1079,수당[신평종합상사,기타,,,0.0,1,비활성
P-1080,수당[신우eng,기타,,,0.0,1,비활성
P-1081,수당[수안보철물,기타,,,0.0,1,비활성
P-1082,수당[수도/신광/신평,기타,,,0.0,1,비활성
P-1083,다몬 건식코아 비트 @ ∮100(108),드릴/비트,∮100(108),20300.0,0.0,1,비활성
P-1084,수당[대륙종합건재,기타,,,0.0,1,비활성
P-1085,"수당[대동공업사,국제그린빌드",기타,,,0.0,1,비활성
P-1086,수당[중앙농약,기타,,,0.0,1,비활성
P-1087,다몬 건식코아 비트 @ ∮125,드릴/비트,∮125,21400.0,0.0,1,비활성
P-1088,수당[다원,기타,,,0.0,1,비활성
P-1089,수당[다모다팜,기타,,,0.0,1,비활성
P-1090,수당[나루종합상사,기타,,,0.0,1,비활성
P-1091,다몬 건식코아 비트 @ ∮25,드릴/비트,∮25,8600.0,0.0,1,비활성
P-1092,다몬 건식코아 비트 @ ∮28,드릴/비트,∮28,8600.0,0.0,1,비활성
P-1093,수당[대진농기계,기타,,,0.0,1,비활성
P-1094,"수당[대지철물,극동건재철강",기타,,,0.0,1,비활성
P-1095,다몬 건식코아 비트 @ ∮30,드릴/비트,∮30,9600.0,0.0,1,비활성
P-1096,수당[대일포장방수,기타,,,0.0,1,비활성
P-1097,수당[대영종합상사,기타,,,0.0,1,비활성
P-1098,다몬 건식코아 비트 @ ∮40,드릴/비트,∮40,9600.0,0.0,1,비활성
P-1099,다몬 건식코아 비트 @ ∮55,드릴/비트,∮55,11800.0,0.0,1,비활성
P-1100,다몬 건식코아 비트 @ ∮45,드릴/비트,∮45,10700.0,0.0,1,비활성
P-1101,수당[대광철물,기타,,,0.0,1,비활성
P-1102,수당[효성건재,기타,,,0.0,1,비활성
P-1103,수당[형제철물종합공구,기타,,,0.0,1,비활성
P-1104,수당[한일종합상사,기타,,,0.0,1,비활성
P-1105,"수당[한솔건재,덕산PVC",기타,,,0.0,1,비활성
P-1106,수당[한농연농기계,기타,,,0.0,1,비활성
P-1107,수당[한농연,기타,,,0.0,1,비활성
P-1108,수당[한길건축,기타,,,0.0,1,비활성
P-1109,수당[태진건업,기타,,,0.0,1,비활성
P-1110,수당[덕유철물,기타,,,0.0,1,비활성
P-1111,수당[덕암철물,기타,,,0.0,1,비활성
P-1112,수당[덕산pvc건재,기타,,,0.0,1,비활성
P-1113,다몬 건식코아 튜브 @ ∮125,기타,∮125,9300.0,0.0,1,비활성
P-1114,수당[대한환경,기타,,,0.0,1,비활성
P-1115,다몬 건식코아 튜브 @ ∮55,기타,∮55,3600.0,0.0,1,비활성
P-1116,다몬 건식코아 튜브 @ ∮30,기타,∮30,3500.0,0.0,1,비활성
P-1117,다몬 건식코아 튜브 @ ∮40,기타,∮40,3500.0,0.0,1,비활성
P-1118,수당[박수덕사장,기타,,,0.0,1,비활성
P-1119,수당[미성철물,기타,,,0.0,1,비활성
P-1120,수당[미성공구철물,기타,,,0.0,1,비활성
P-1121,수당[미성공구,기타,,,0.0,1,비활성
P-1122,수당[매곡농약,기타,,,0.0,1,비활성
P-1123,수당[럭키하우징,기타,,,0.0,1,비활성
P-1124,수당[두산종합건재,기타,,,0.0,1,비활성
P-1125,다몬 건식코아 튜브 @ ∮25,기타,∮25,3400.0,0.0,1,비활성
P-1126,수당[서해종합기계,기타,,,0.0,1,비활성
P-1127,수당[서울볼트,기타,,,0.0,1,비활성
P-1128,수당[서울건재,기타,,,0.0,1,비활성
P-1129,"수당[삼성철물,성진배관",기타,,,0.0,1,비활성
P-1130,다몬 건식코아 튜브 @ ∮28,기타,∮28,3400.0,0.0,1,비활성
P-1131,다몬 건식코아 튜브 @ ∮45,기타,∮45,3600.0,0.0,1,비활성
P-1132,"TU-PLUS 102501 @ 5""*16MM",기타,"5""*16MM",1100.0,0.0,1,활성
P-1133,"TU-FLEX 옵셋 #60 @ 4""*3T*16MM",기타,"4""*3T*16MM",650.0,0.0,1,활성
P-1134,엣지 컵[7 아스트라(7T)],기타,,24000.0,0.0,1,비활성
P-1135,엣지 컵[7 멀티],기타,,32000.0,0.0,1,비활성
P-1136,엣지 컵[4 아스트라-연삭기용(10T)],기타,,12000.0,0.0,1,비활성
P-1137,엣지 컵[4 멀티(NEW)],기타,,17000.0,0.0,1,비활성
P-1138,오토스,기타,,,0.0,1,비활성
P-1139,오아시스절단석 @ 4인치,절단석,4인치,305.0,0.0,1,활성
P-1140,오성 무성충전그라인더,공구,,200000.0,0.0,1,비활성
P-1141,영업일지,기타,,0.0,0.0,1,비활성
P-1142,"연마석 트리스톤 @ 5""",연마재,"5""",1000.0,1000.0,1,비활성
P-1143,"연마석 제일 @ 7""",연마재,"7""",1600.0,1600.0,1,비활성
P-1144,[조정,기타,,0.0,0.0,1,비활성
P-1145,계양팁쇼목공용/중국산 @ 185*60*2.5*19,기타,185*60*2.5*19,8500.0,8500.0,1,비활성
P-1146,[산업용품,기타,,1320000.0,0.0,1,비활성
P-1147,[등록,기타,,0.0,0.0,1,비활성
P-1148,[3M 절단석외,절단석,,10000000.0,0.0,1,비활성
P-1149,"[3M 절단석,마스크,장갑",절단석,,6775000.0,0.0,1,비활성
P-1150,[3M 마스크,기타,,2000000.0,0.0,1,비활성
P-1151,거래명세서 인쇄용지,기타,,45000.0,0.0,1,비활성
P-1152,개인,기타,,5808000.0,0.0,1,비활성
P-1153,※3M절단석8월1일자5%인상,절단석,,,0.0,1,비활성
P-1154,[택배비-에스건재철물,기타,,5000.0,0.0,1,비활성
P-1155,[택배비-도개건재,기타,,7000.0,0.0,1,비활성
P-1156,[택배비,기타,,5000.0,0.0,1,비활성
P-1157,[택배발송 원내철물->진하정공,기타,,0.0,0.0,1,비활성
P-1158,안티코비쿨 덴탈마스크,기타,,40.0,0.0,1,비활성
P-1159,악티록스용 만조,기타,,5000.0,5000.0,1,비활성
P-1160,[장갑등,안전용품,,10000000.0,0.0,1,비활성
P-1161,MKK키레스척DKC-13[13mm(원터치/비트용,드릴/비트,,32018.0,0.0,1,비활성
P-1162,MKK키레스척DKC-13,기타,,33703.0,0.0,1,비활성
P-1163,MKK키레스척DKC-10[10mm(원터치/비트용),드릴/비트,,27565.0,0.0,1,비활성
P-1164,"MFC 절단석 @ 4""*16MM",절단석,"4""*16MM",0.0,0.0,1,비활성
P-1165,밀워키 충전컷소M18 @ CSX-602C,기타,CSX-602C,550000.0,550000.0,1,비활성
P-1166,SB 뉴하디자석수평기 18(450mm) NHMV3-18,기타,,13100.0,13100.0,1,비활성
P-1167,SB 뉴하디수평기 72(1800mm) NHV4-72,기타,,23000.0,23000.0,1,비활성
P-1168,SB 뉴하디수평기 60(1500mm) NHV4-60,기타,,19900.0,19900.0,1,비활성
P-1169,SB 뉴하디수평기 48(1200mm) NHV3-48,기타,,15500.0,15500.0,1,비활성
P-1170,SB 뉴하디수평기 40(1000mm) NHV3-40,기타,,13500.0,13500.0,1,비활성
P-1171,밀워키 충전함마드릴 M18 @ CHX-0X,드릴/비트,CHX-0X,390000.0,0.0,1,비활성
P-1172,OPP무지,기타,,7.0,0.0,1,비활성
P-1173,블루,기타,,,0.0,1,비활성
P-1174,사랑나눔15호,기타,,13000.0,0.0,1,비활성
P-1175,"앙코르 절단석 @ 5""",절단석,"5""",0.0,0.0,1,비활성
P-1176,사랑존경 28호,기타,,21000.0,0.0,1,비활성
P-1177,산업용선풍기,기타,,102462.0,102462.0,1,비활성
P-1178,삼양,기타,,0.0,0.0,1,비활성
P-1179,SB 스타프 5m5단 ST-55M,기타,,28900.0,28900.0,1,비활성
P-1180,"삼양 연마석 @ 7""",연마재,"7""",1650.0,0.0,1,비활성
P-1181,"TU 절단석 AZ 6503 @ 4""",절단석,"4""",0.0,0.0,1,비활성
P-1182,"TU 절단석 @ 16""",절단석,"16""",4800.0,4800.0,1,비활성
P-1183,"TU 절단석 @ 14""",절단석,"14""",3800.0,0.0,1,비활성
P-1184,"TU 연마석 @ 4""",연마재,"4""",650.0,650.0,1,비활성
P-1185,TU 세라믹디스크,연마재,,1600.0,1600.0,1,비활성
P-1186,TU,기타,,2000.0,2000.0,1,비활성
P-1187,에이스,기타,,0.0,0.0,1,비활성
P-1188,앵글 IV2.0,기타,,717120.0,0.0,1,비활성
P-1189,앵글,기타,,74120.0,0.0,1,비활성
P-1190,사랑존경 12호,기타,,11000.0,0.0,1,비활성
P-1191,수당 [유진홈센타,기타,,,0.0,1,비활성
P-1192,수당[OK상사,기타,,,0.0,1,비활성
P-1193,TWO COMP 472 줄자 @ 8M*25MM,기타,8M*25MM,0.0,0.0,1,비활성
P-1194,"TU옵셀 7""",기타,,2100.0,2100.0,1,비활성
P-1195,수강지급[11월 12일건,기타,,,0.0,1,비활성
P-1196,수강지급[OK종합상사,기타,,,0.0,1,비활성
P-1197,슈퍼 라쳇렌치 RN-1924@19*24mm,기타,19*24mm,23076.0,0.0,1,비활성
P-1198,수당 [금남상사,기타,,,0.0,1,비활성
P-1199,수당지급[현금,기타,,0.0,0.0,1,비활성
P-1200,수당지급[태양수도종합상사,기타,,,0.0,1,비활성
P-1201,수당지급[태승철물상사,기타,,,0.0,1,비활성
P-1202,수당지급[유니콘ENG,기타,,,0.0,1,비활성
P-1203,수당 [대동볼트,기타,,,0.0,1,비활성
P-1204,"악티록스디스크@5""*#60",연마재,"5""*#60",22000.0,22000.0,1,활성
P-1205,스탠다드 411 줄자 @ 3M*13MM,기타,3M*13MM,0.0,0.0,1,비활성
P-1206,수당 [도영종합상사,기타,,,0.0,1,비활성
P-1207,샘플 가격 전산정리,기타,,,0.0,1,비활성
P-1208,생고뱅 보안경 울트라라이트18,기타,,4300.0,0.0,1,비활성
P-1209,계양 충전디스크그라인더 DG18BL-100S,연마재,,249275.0,0.0,1,비활성
P-1210,스틸포스 4인치 세이버 그라인더TH-100SG,공구,,40000.0,0.0,1,비활성
P-1211,스틸 파트너 절단석 @ 16인치,절단석,16인치,34000.0,0.0,1,비활성
P-1212,"생고뱅 절단석 블루파이어 @ 14""",절단석,"14""",2300.0,0.0,1,비활성
P-1213,스티커2@몰드,기타,몰드,200200.0,0.0,1,활성
P-1214,스티커1@몰드,기타,몰드,200200.0,0.0,1,활성
P-1215,스탠레스 줄자 @ 5M*16MM,기타,5M*16MM,0.0,0.0,1,비활성
P-1216,골프장갑,안전용품,,12500.0,0.0,1,비활성
P-1217,"고속절단기 지파 JF92551(목공용) @ 10""",절단석,"10""",0.0,0.0,1,비활성
P-1218,설렘31호,기타,,24000.0,0.0,1,비활성
P-1219,스탠다드 411 줄자 @ 5M*16MM,기타,5M*16MM,0.0,0.0,1,비활성
P-1220,"악티록스 디스크 AF799 #60 4""*16MM50장곽",연마재,16MM50장곽,1150.0,0.0,1,비활성
P-1221,"악티록스 디스크 AF799 #60 4""*16MM",연마재,16MM,1700.0,0.0,1,비활성
P-1222,"악티록스 디스크 AF799 #60 4""*16",연마재,16,1340.0,1340.0,1,비활성
P-1223,보쉬 충전햄머드릴 @ GSB10.8-2-LI[10.8V(L,드릴/비트,GSB10.8-2-LI[10.8V(L,170425.0,0.0,1,비활성
P-1224,다몬건식코아(세트) @ ∮28,기타,∮28,13850.0,0.0,1,비활성
P-1225,다몬건식코아(세트) @ ∮30,기타,∮30,14950.0,0.0,1,비활성
P-1226,다몬건식코아(세트) @ ∮40,기타,∮40,15800.0,0.0,1,비활성
P-1227,다몬건식코아(세트) @ ∮45,기타,∮45,17000.0,0.0,1,비활성
P-1228,다몬건식코아(세트) @ ∮55,기타,∮55,18400.0,0.0,1,비활성
P-1229,노튼 블루파이어절단석 @ 4인치*1.2T*16,절단석,4인치*1.2T*16,480.0,0.0,1,비활성
P-1230,다몬건식코아(세트) @ ∮60,기타,∮60,19700.0,0.0,1,비활성
P-1231,노튼 블루파이어 플랩디스크 @ #40,연마재,#40,780.0,0.0,1,비활성
P-1232,"노튼 블루파이어 절단석 @ 4""*1.2t",절단석,"4""*1.2t",0.0,0.0,1,비활성
P-1233,낙진,기타,,0.0,0.0,1,비활성
P-1234,수당 [우일종합상사,기타,,,0.0,1,비활성
P-1235,기타,기타,,2000000.0,2000000.0,1,비활성
P-1236,수당[OK종합상사,기타,,,0.0,1,비활성
P-1237,수당[ok상사,기타,,,0.0,1,비활성
P-1238,수당[가남철물,기타,,,0.0,1,비활성
P-1239,스틸포스 플라즈마커팅기용 가이드링,기타,,2050.0,0.0,1,비활성
P-1240,수당[구일공구,기타,,,0.0,1,비활성
P-1241,수당[금강상사,기타,,,0.0,1,비활성
P-1242,수당[금강하우징,기타,,,0.0,1,비활성
P-1243,수당 [동산철물건재,기타,,,0.0,1,비활성
P-1244,수당 [두남전기,기타,,,0.0,1,비활성
P-1245,수당 [에스엠툴,기타,,,0.0,1,비활성
P-1246,아임삭 충전그라인더 @ BL18Q605,공구,BL18Q605,221600.0,0.0,1,비활성
P-1247,아웃케이스@몰드,기타,몰드,200200.0,0.0,1,활성
P-1248,수당 [우경 T/C,기타,,,0.0,1,비활성
P-1249,"벨로체절단석 리오시범판매용 @ 5""",절단석,"5""",800.0,0.0,1,비활성
,수강지급,,,0.0,0.0,0,Y
,입금,,,0.0,2000.0,0,Y
,출금,,,0.0,0.0,0,Y
,컷쇼날 S-1222VF(목재 철재 알루미늄겸용)�,,,3757.0,3800.0,0,Y
,결제,,,0.0,0.0,0,Y
,"컷쇼날 S-1122VF(목재,철재,알루미늄,유리�",,,13350.0,14100.0,0,Y
,DAIWA 손타카 DT-3,,,18364.0,0.0,0,Y
,엣지 컵,,,12000.0,,0,Y
,블랙 초박형 5인치절단석 125*0.6T,,,1100.0,0.0,0,Y
,"TU-PLUS 101401 @ 4""*16MM",,,0.0,0.0,0,Y
,"알파연마디스크샌더빼빠@5""-6H#80",,,110.0,,0,Y
,"알파연마디스크샌더빼빠@5""-6H#120",,,100.0,,0,Y
,"알파연마디스크샌더빼빠@5""-6H#180",,,100.0,,0,Y
,"알파연마디스크샌더빼빠@5""-6H#220",,,100.0,,0,Y
,SAM 16인치 절단석 @ 405*3.5*25.4,,,0.0,0.0,0,Y
,"3M 절단석 @ 7""783796",,,4850.0,5500.0,0,Y
,"터보 골드 프리미엄 절단석@5""",,,0.0,700.0,0,Y
,"터보 골드 프리미엄 절단석@4""*107",,,,500.0,0,Y
,"터보 소프트 절단석 @ 5""",,,,800.0,0,Y
,"터보 소프트 절단석 @ 4"" 107mm",,,,600.0,0,Y
,3M 테이프 투명(48*40M),,,0.0,0.0,0,Y
,"3M 절단석 1994 @ 5""*1.3T*16mm",,,,,0,Y
,3M 스트레치랩,,,9000.0,,0,Y
,매출할인,,,0.0,0.0,0,Y
,ÄÆ¼î³¯ S-1222VF(¸ñÀç Ã¶Àç ¾Ë·ç¹Ì´½°â¿ë)¬,,,3757.0,3800.0,0,Y
,"ÄÆ¼î³¯ S-1122VF(¸ñÀç,Ã¶Àç,¾Ë·ç¹Ì´½,À¯¸®ë",,,13350.0,14100.0,0,Y
,"T-FLEX WHEEL(WA)@5"" 6T #24",,,0.0,900.0,0,Y
,손실,,,0.0,0.0,0,Y
,자르고 연마석@ 4인치 6T,,,,,0,Y
